Marca,Modelul nostru,Anii nostri,Produse la noi,Modelul lor,Anii lor,Are limitari?,Textul lor (verbatim),Tip,Se aplica la noi?,Observatii,Link
ford,ford s max,2006-2015,39,ford s max 1,2006-2014,DA,Daca masina nu are plus contact in mufa de alimentare a aparatului radio original este necesar un cablu suplimentar care se achizitioneaza separat.,cere cablu/adaptor separat,,,https://www.navigatiiandroid.ro/navigatie-ford-s-max-1-2006-2014/navigatie-dedicata-cu-android-ford-s-max-2007-2014-negru-2gb-ram-radio-gps-dual-zone-display-hd-7-touchscreen-internet-wi-fi
bmw,bmw seria 1,2004-2011,38,bmw seria 1 e81 e87,2003-2013,DA,"Nu se poate monta pe masini care au navigatie originala din fabrica. Daca masina are incalzire in scaune, butoanele se vor reloca, rama avand spatiu pentru acestea in partea inferioara. Vezi detalii aici.","incompatibilitate cu navigatia de fabrica (PROBABIL limitarea LOR, nu a masinii)",,,https://www.navigatiiandroid.ro/navigatie-bmw-seria-1-e81-e87-2003-2013/navigatie-dedicata-cu-android-bmw-seria-1-e81-e87-2007-2013-clima-automata-1gb-ram-radio-gps-dual-zone-display-hd-ips-9
ford,ford mondeo,2007-2014,33,ford mondeo 4,2007-2014,DA,Nu se poate monta pe masini care au navigatie originala din fabrica. Daca masina nu are plus contact in mufa de alimentare a aparatului radio original este necesar un cablu suplimentar care se achizitioneaza separat.,"incompatibilitate cu navigatia de fabrica (PROBABIL limitarea LOR, nu a masinii)",,,https://www.navigatiiandroid.ro/navigatie-ford-mondeo-4-2007-2014/navigatie-dedicata-cu-android-ford-mondeo-iv-2007-2014-negru-2gb-ram-radio-gps-dual-zone-display-hd-7-touchscreen-internet-wi
ford,ford galaxy 2,2006-2015,30,ford galaxy 2,2006-2015,DA,Daca masina nu are plus contact in mufa de alimentare a aparatului radio original este necesar un cablu suplimentar care se achizitioneaza separat.,cere cablu/adaptor separat,,,https://www.navigatiiandroid.ro/navigatie-ford-galaxy-2-2006-2015/navigatie-dedicata-cu-android-ford-galaxy-2008-2015-negru-2gb-ram-radio-gps-dual-zone-display-hd-7-touchscreen-internet-wi-fi
bmw,bmw seria 3,2004-2013,29,bmw seria 3 e90,2004-2013,DA,Nu se poate monta pe masini care au navigatie originala din fabrica.,"incompatibilitate cu navigatia de fabrica (PROBABIL limitarea LOR, nu a masinii)",,,https://www.navigatiiandroid.ro/navigatie-bmw-seria-3-e90-2004-2013/navigatie-dedicata-cu-android-bmw-seria-3-e90-2004-2013-1gb-ram-radio-gps-dual-zone-display-hd-ips-9-touchscreen-internet-wi
skoda,skoda superb 2,2008-2015,24,skoda superb 2,2008-2015,DA,Nu se poate monta pe masini care au sistem de sunet cu amplificator Sound System.,sistem audio amplificat din fabrica,,,https://www.navigatiiandroid.ro/navigatie-skoda-superb-2-2008-2015/navigatie-dedicata-cu-android-skoda-superb-ii-2008-2015-1gb-ram-radio-gps-dual-zone-display-hd-ips-10-touchscreen-internet-wi
vw,vw transporter t6,2015-2019,24,vw transporter t6,dupa 2015,DA,"Daca masina are rotile de reglare sub grilele de ventilatie, acestea vor trebui scoase pentru a putea monta navigatia.",altceva — de citit,,,https://www.navigatiiandroid.ro/navigatie-vw-transporter-t6-dupa-2015/navigatie-dedicata-cu-android-vw-transporter-caravelle-multivan-t6-2015-2020-12gb-ram-radio-gps-dual-zone-display-2k-qled-9-5
nissan,nissan x trail 3,2014-2021,22,nissan x trail 3 t32,2014-2021,DA,Pentru masinile care au camere 360 este necesar un cablu suplimentar care se achizitioneaza separat.,cere cablu/adaptor separat,,,https://www.navigatiiandroid.ro/navigatie-nissan-x-trail-3-t32-2014-2021/navigatie-dedicata-cu-android-nissan-x-trail-t32-2014-2021-1gb-ram-radio-gps-dual-zone-display-hd-ips-10-touchscreen-internet
toyota,toyota rav4,2005-2012,22,toyota rav4 3,2005-2013,DA,Daca masina are amplificator sau navigatie originala si camera de marsarier este nevoie de acest cablu adaptor care se achizitioneaza separat.,sistem audio amplificat din fabrica,,,https://www.navigatiiandroid.ro/navigatie-toyota-rav4-3-2005-2013/navigatie-dedicata-cu-android-toyota-rav4-iii-2005-2013-1gb-ram-radio-gps-dual-zone-display-hd-ips-9-touchscreen-internet-wi
toyota,toyota rav4,2013-2018,22,toyota rav4 4,2013-2018,DA,Daca masina are amplificator sau navigatie originala si camera de marsarier este nevoie de un cablu adaptor care se achizitioneaza separat.,sistem audio amplificat din fabrica,,,https://www.navigatiiandroid.ro/navigatie-toyota-rav4-4-2013-2018/navigatie-dedicata-cu-android-toyota-rav4-iv-2013-2018-1gb-ram-radio-gps-dual-zone-display-hd-ips-10-touchscreen-internet-wi
vw,vw golf 7,2012-2019,22,vw golf 7,2012-2020,DA,"Daca masina are amplificator audio sub scaunul soferului, acesta va trebui anulat.",sistem audio amplificat din fabrica,,,https://www.navigatiiandroid.ro/navigatie-vw-golf-7-2012-2020/navigatie-dedicata-cu-android-vw-golf-vii-2012-2019-argintiu-1gb-ram-radio-gps-dual-zone-display-hd-ips-10-touchscreen
bmw,bmw x1 e84,2009-2015,21,bmw x1 e84,2009-2015,DA,Nu se poate monta pe masini care au navigatie originala din fabrica.,"incompatibilitate cu navigatia de fabrica (PROBABIL limitarea LOR, nu a masinii)",,,https://www.navigatiiandroid.ro/navigatie-bmw-x1-e84-2009-2015/navigatie-dedicata-cu-android-bmw-x1-e84-2009-2015-1gb-ram-radio-gps-dual-zone-display-hd-ips-10-touchscreen-internet-wi-fi
fiat,fiat ducato,2006-2022,18,fiat ducato,2006-2022,DA,"Nu se poate monta pe masini cu navigatie originala, detalii aici .","incompatibilitate cu navigatia de fabrica (PROBABIL limitarea LOR, nu a masinii)",,,https://www.navigatiiandroid.ro/navigatie-fiat-ducato-2006-2022/navigatie-dedicata-cu-android-fiat-ducato-2006-2022-12gb-ram-radio-gps-dual-zone-display-2k-qled-9-5-touchscreen-internet-wi
fiat,fiat tipo,dupa 2015,18,fiat tipo,dupa 2015,DA,Nu se poate monta pe masini care au bordul precum in poza de aici .,altceva — de citit,,,https://www.navigatiiandroid.ro/navigatie-fiat-tipo-dupa-2015/navigatie-dedicata-cu-android-fiat-tipo-dupa-2015-12gb-ram-radio-gps-dual-zone-display-2k-qled-9-5-touchscreen-internet-wi-fi
ford,ford focus,2011-2019,18,ford focus 3,2011-2018,DA,"Daca masina are 12 senzori de parcare originali (6 fata si 6 spate), acestia vor fi preluati de navigatie doar vizual, nu si acustic.",altceva — de citit,,,https://www.navigatiiandroid.ro/navigatie-ford-focus-3-2011-2018/navigatie-dedicata-cu-android-ford-focus-iii-2011-2018-1gb-ram-radio-gps-dual-zone-display-hd-ips-9-touchscreen-internet-wi
ford,ford mondeo 3,2000-2007,18,ford mondeo 3,2000-2007,DA,Nu se poate monta pe masini care au navigatie originala din fabrica.,"incompatibilitate cu navigatia de fabrica (PROBABIL limitarea LOR, nu a masinii)",,,https://www.navigatiiandroid.ro/navigatie-ford-mondeo-3-2000-2007/navigatie-dedicata-cu-android-ford-mondeo-iii-2000-2007-clima-automata-12gb-ram-radio-gps-dual-zone-display-2k-qled-9-5
kia,kia sorento,2013-2015,18,kia sorento 2,2009-2015,DA,Nu se poate monta pe masini care au navigatie originala din fabrica.,"incompatibilitate cu navigatia de fabrica (PROBABIL limitarea LOR, nu a masinii)",,,https://www.navigatiiandroid.ro/navigatie-kia-sorento-2-2009-2015/navigatie-dedicata-cu-android-kia-sorento-2012-2015-12gb-ram-radio-gps-dual-zone-display-2k-qled-9-5-touchscreen-internet-wi
kia,kia sorento,2015-2020,18,kia sorento 3,2015-2020,DA,"Daca masina are navigatie originala sau camera de marsarier este necesar un cablu suplimentar care se achizitioneaza separat. Daca masina este echipata cu camere 360, cu ajutorul acestui cablaj se preiau inclusiv acestea, insa doar alb negru.",cere cablu/adaptor separat,,,https://www.navigatiiandroid.ro/navigatie-kia-sorento-3-2015-2020/navigatie-dedicata-cu-android-kia-sorento-iii-2015-2020-12gb-ram-radio-gps-dual-zone-display-2k-qled-10-36-touchscreen
mazda,mazda 3,2013-2018,18,mazda 3,2013-2019,DA,Daca masina are navigatie originala sau camera de marsarier este necesar un cablu suplimentar care se achizitioneaza separat. Navigatia este compatibila si cu masinile cu sistem audio Bose.,cere cablu/adaptor separat,,,https://www.navigatiiandroid.ro/navigatie-mazda-3-2013-2019/navigatie-dedicata-cu-android-mazda-3-2013-2019-1gb-ram-radio-gps-dual-zone-display-hd-ips-9-touchscreen-internet-wi-fi
mazda,mazda 6,2008-2012,18,mazda 6,2008-2013,DA,Navigatia este compatibila si cu masinile cu sistem audio Bose.,sistem audio amplificat din fabrica,,,https://www.navigatiiandroid.ro/navigatie-mazda-6-2008-2013/navigatie-dedicata-cu-android-mazda-6-2008-2013-1gb-ram-radio-gps-dual-zone-display-hd-ips-9-touchscreen-internet-wi-fi
opel,opel astra h,2004-2010,18,opel astra h,2004-2014,DA,"Aerul conditionat va putea fi controlat in continuare din butoanele fizice ale masinii, insa informatiile despre climatizare nu vor fi afisate pe ecranul navigatiei.",afisaj/comenzi clima,,,https://www.navigatiiandroid.ro/navigatie-opel-astra-h-2004-2014/navigatie-dedicata-cu-android-opel-astra-h-2004-2014-1gb-ram-radio-gps-dual-zone-display-hd-ips-9-touchscreen-internet-wi-fi-2
renault,renault captur,2013-2020,18,renault captur 1,2013-2020,DA,Daca masina are navigatie originala R Link este necesar un cablu suplimentar care se achizitioneaza separat.,cere cablu/adaptor separat,,,https://www.navigatiiandroid.ro/navigatie-renault-captur-1-2013-2020/navigatie-dedicata-cu-android-renault-captur-i-2013-2020-1gb-ram-radio-gps-dual-zone-display-hd-ips-9-touchscreen-internet-wi
toyota,toyota avensis t27,2009-2015,18,toyota avensis t27,2009-2018,DA,Daca masina are amplificator sau navigatie originala si camera de marsarier este nevoie de un cablu adaptor care se achizitioneaza separat.,sistem audio amplificat din fabrica,,,https://www.navigatiiandroid.ro/navigatie-toyota-avensis-t27-2009-2018/navigatie-dedicata-cu-android-toyota-avensis-2009-2015-1gb-ram-radio-gps-dual-zone-display-hd-ips-9-touchscreen-internet-wi
toyota,toyota prius w3,2009-2015,18,toyota prius w3,2009-2015,DA,Daca masina are amplificator sau navigatie originala si camera de marsarier este nevoie de acest cablu adaptor care se achizitioneaza separat.,sistem audio amplificat din fabrica,,,https://www.navigatiiandroid.ro/navigatie-toyota-prius-w3-2009-2015/navigatie-dedicata-cu-android-toyota-prius-2009-2015-1gb-ram-radio-gps-dual-zone-display-hd-ips-9-touchscreen-internet-wi-fi
toyota,toyota yaris p13,2011-2018,18,toyota yaris p13,2011-2020,DA,Daca masina are amplificator sau navigatie originala si camera de marsarier este nevoie de acest cablu adaptor care se achizitioneaza separat.,sistem audio amplificat din fabrica,,,https://www.navigatiiandroid.ro/navigatie-toyota-yaris-p13-2011-2020/navigatie-dedicata-cu-android-toyota-yaris-p13-2011-2018-12gb-ram-radio-gps-dual-zone-display-2k-qled-9-5-touchscreen
toyota,toyota yaris p9,2005-2011,18,toyota yaris p9,2006-2011,DA,"Pentru a se putea monta navigatia este necesar sa decupeze trimurile laterale de plastic. Detalii aici . Vă rugăm ca înainte de a decupa să conectați mufele de alimentare și să testați cu atenție navigația și toate funcțiile și specificațiile acesteia. Nu ne asumam răspunderea pentru golurile rămase în urma tăierii trimurilor în cazul în care, din orice motiv, doriți să returnați navigația.",altceva — de citit,,,https://www.navigatiiandroid.ro/navigatie-toyota-yaris-p9-2006-2011/navigatie-dedicata-cu-android-toyota-yaris-2006-2011-1gb-ram-radio-gps-dual-zone-display-hd-ips-9-touchscreen-internet-wi-fi
volvo,volvo xc90,2004-2014,18,volvo xc90,2002-2015,DA,Pentru a putea monta navigatia este nevoie ca masina sa aiba auxiliarul activat. Navigatia comunica prin aux-in cu aparatul radio original. Volumul se controleaza prin unitatea originala si next / previous track de pe ecranul tactil al navigatiei. Receptia radio se face prin aparatul original. Daca masina are sistemul audio pe fibra optica (are amplificator sub scaunul soferului sau pasagerului) este necesar un cablu suplimentar care se achizitioneaza separat.,cere cablu/adaptor separat,,,https://www.navigatiiandroid.ro/navigatie-volvo-xc90-2002-2015/navigatie-dedicata-cu-android-volvo-xc90-i-2002-2015-12gb-ram-radio-gps-dual-zone-display-2k-qled-9-5-touchscreen-internet-wi
bmw,bmw seria 5,2011-2017,16,bmw seria 5 f10,2009-2016,DA,Compatibila cu masini cu unitate multimedia CIC. Preia toate functiile meniului original.,altceva — de citit,,,https://www.navigatiiandroid.ro/navigatie-bmw-seria-5-f10-2009-2016/navigatie-dedicata-cu-android-bmw-seria-5-f10-2009-2012-12gb-ram-radio-gps-dual-zone-display-2k-qled-9-5-touchscreen-internet
audi,audi a4 b8,2009-2016,15,audi a4 b8,2007-2017,DA,"Pentru a putea fi montata interfata, masina trebuie sa aiba AUX activat si mufa AUX in. Nu se poate monta pe masini dotate cu Audi CD Changer.",altceva — de citit,,,https://www.navigatiiandroid.ro/navigatie-audi-a4-b8-2007-2017/interfata-audio-video-cu-android-auto-si-carplay-audi-a4-b8-a5-8t-2007-2017-cu-navigatie-mmi-2g
ford,ford kuga,2008-2012,15,ford kuga 1,2008-2012,DA,Daca masina are navigatie originala Blaupunkt este necesar un modul control aer conditionat care se achizitioneaza separat.,altceva — de citit,,,https://www.navigatiiandroid.ro/navigatie-ford-kuga-1-2008-2012/navigatie-dedicata-cu-android-ford-kuga-i-2008-2012-1gb-ram-radio-gps-dual-zone-display-hd-ips-9-touchscreen-internet-wi-fi
bmw,bmw x3 f25,2011-2017,14,bmw x3 f25,2010-2017,DA,"Pentru a putea fi montata interfata, masina trebuie sa aiba AUX activat. In cazul masinilor cu camere 360 din fabrica, acestea vor fi afisate, dar nu va fi posibila schimbarea modului de vizualizare.",altceva — de citit,,,https://www.navigatiiandroid.ro/navigatie-bmw-x3-f25-2010-2017/interfata-audio-video-cu-android-auto-si-carplay-bmw-x3-f25-cu-navigatie-nbt-nbt-evo-id4-2013-2016
bmw,bmw x5 e70,2006-2013,14,bmw x5 e70,2006-2013,DA,Compatibila cu masini cu unitate multimedia CCC. Preia toate functiile meniului original.,altceva — de citit,,,https://www.navigatiiandroid.ro/navigatie-bmw-x5-e70-2006-2013/navigatie-dedicata-cu-android-bmw-x5-e70-2006-2013-12gb-ram-radio-gps-dual-zone-display-2k-qled-9-5-touchscreen-internet-wi
ford,ford mondeo 4,2007-2014,14,ford mondeo 4,2007-2014,DA,Nu se poate monta pe masini care au navigatie originala din fabrica. Daca masina nu are plus contact in mufa de alimentare a aparatului radio original este necesar un cablu suplimentar care se achizitioneaza separat.,"incompatibilitate cu navigatia de fabrica (PROBABIL limitarea LOR, nu a masinii)",,,https://www.navigatiiandroid.ro/navigatie-ford-mondeo-4-2007-2014/navigatie-dedicata-cu-android-ford-mondeo-iv-2007-2014-negru-2gb-ram-radio-gps-dual-zone-display-hd-7-touchscreen-internet-wi
bmw,bmw seria 3,2012-2017,13,bmw seria 3 f30,2011-2018,DA,Compatibil cu masini cu unitate multimedia NBT. Preia toate functiile meniului original. Nu este compatibil cu masini cu unitate multimedia NBT Evo: ID4/ID5/ID6.,altceva — de citit,,,https://www.navigatiiandroid.ro/navigatie-bmw-seria-3-f30-2011-2018/navigatie-dedicata-cu-android-bmw-seria-3-f30-2011-2016-12gb-ram-radio-gps-dual-zone-display-2k-qled-9-5-touchscreen-internet
chevrolet,chevrolet captiva,2006-2011,13,chevrolet captiva,2006-2011,DA,Daca masina are navigatie originala sau ecran care afiseaza temperatura climei este necesar un cablu suplimentar care se achizitioneaza separat.,cere cablu/adaptor separat,,,https://www.navigatiiandroid.ro/navigatie-chevrolet-captiva-2006-2011/navigatie-dedicata-cu-android-chevrolet-captiva-2006-2011-12gb-ram-radio-gps-dual-zone-display-2k-qled-9-5-touchscreen
chevrolet,chevrolet captiva,2011-2016,13,chevrolet captiva,2011-2016,DA,Daca masina are navigatie originala sau ecran care afiseaza temperatura climei este necesar un cablu suplimentar care se achizitioneaza separat.,cere cablu/adaptor separat,,,https://www.navigatiiandroid.ro/navigatie-chevrolet-captiva-2011-2016/navigatie-dedicata-cu-android-chevrolet-captiva-2011-2016-12gb-ram-radio-gps-dual-zone-display-2k-qled-9-5-touchscreen
citroen,citroen c4 aircross,2012-2017,13,citroen c4 aircross,2012-2017,DA,Daca masina are amplificator Rockford este nevoie de un cablu adaptor care se achizitioneaza separat.,sistem audio amplificat din fabrica,,,https://www.navigatiiandroid.ro/navigatie-citroen-c4-aircross-2012-2017/navigatie-dedicata-cu-android-citroen-c4-aircross-2012-2017-1gb-ram-radio-gps-dual-zone-display-hd-ips-10-touchscreen
citroen,citroen c4,2010-2018,13,citroen c4 aircross,2012-2017,DA,Daca masina are amplificator Rockford este nevoie de un cablu adaptor care se achizitioneaza separat.,sistem audio amplificat din fabrica,,,https://www.navigatiiandroid.ro/navigatie-citroen-c4-aircross-2012-2017/navigatie-dedicata-cu-android-citroen-c4-aircross-2012-2017-1gb-ram-radio-gps-dual-zone-display-hd-ips-10-touchscreen
ford,ford fiesta,2009-2017,13,ford fiesta 6,2008-2019,DA,"In cazuri rare, la anumite masini comenzile de pe volan nu sunt preluate de canbus si nu vor functiona.",altceva — de citit,,,https://www.navigatiiandroid.ro/navigatie-ford-fiesta-6-2008-2019/navigatie-dedicata-cu-android-ford-fiesta-vi-2008-2019-1gb-ram-radio-gps-dual-zone-display-hd-ips-9-touchscreen-internet-wi
ford,ford transit,dupa 2021,13,ford transit,dupa 2014,DA,"Daca masina are ecran pe bord care afiseaza data si ora, dupa montaj va ramane un mic spatiu gol in spatele navigatiei.",altceva — de citit,,,https://www.navigatiiandroid.ro/navigatie-ford-transit-dupa-2014/navigatie-dedicata-cu-android-ford-transit-2014-2020-12gb-ram-radio-gps-dual-zone-display-2k-qled-9-5-touchscreen-internet-wi
ford,ford transit connect,dupa 2013,13,ford transit,dupa 2014,DA,"Daca masina are ecran pe bord care afiseaza data si ora, dupa montaj va ramane un mic spatiu gol in spatele navigatiei.",altceva — de citit,,,https://www.navigatiiandroid.ro/navigatie-ford-transit-dupa-2014/navigatie-dedicata-cu-android-ford-transit-2014-2020-12gb-ram-radio-gps-dual-zone-display-2k-qled-9-5-touchscreen-internet-wi
honda,honda crv,2008-2011,13,honda cr v 3,2006-2012,DA,Nu se poate monta pe masini care au navigatie originala din fabrica.,"incompatibilitate cu navigatia de fabrica (PROBABIL limitarea LOR, nu a masinii)",,,https://www.navigatiiandroid.ro/navigatie-honda-cr-v-3-2006-2012/navigatie-dedicata-cu-android-honda-cr-v-iii-2006-2012-1gb-ram-radio-gps-dual-zone-display-hd-ips-9-touchscreen-internet-wi
honda,honda crv,dupa 2012,13,honda cr v 4,2012-2018,DA,Daca masina are navigatie originala este necesar un cablu suplimentar care se achizitioneaza separat.,cere cablu/adaptor separat,,,https://www.navigatiiandroid.ro/navigatie-honda-cr-v-4-2012-2018/navigatie-dedicata-cu-android-honda-cr-v-iv-2012-2018-6gb-ram-radio-gps-dual-zone-display-hd-qled-10-touchscreen-internet-wi
honda,honda crv,dupa 2012,13,honda cr v 5,2017-2022,DA,Daca masina are amplificator audio este nevoie de acest cablu adaptor care se achizitioneaza separat.,sistem audio amplificat din fabrica,,,https://www.navigatiiandroid.ro/navigatie-honda-cr-v-5-2017-2022/navigatie-dedicata-cu-android-honda-cr-v-v-2017-2022-12gb-ram-radio-gps-dual-zone-display-2k-qled-9-5-touchscreen-internet-wi
hyundai,hyundai elantra,2010-2015,13,hyundai elantra 5,2010-2016,DA,Nu se poate monta pe masini care au navigatie originala din fabrica.,"incompatibilitate cu navigatia de fabrica (PROBABIL limitarea LOR, nu a masinii)",,,https://www.navigatiiandroid.ro/navigatie-hyundai-elantra-5-2010-2016/navigatie-dedicata-cu-android-hyundai-elantra-v-2010-2014-12gb-ram-radio-gps-dual-zone-display-2k-qled-9-5-touchscreen
hyundai,hyundai i30,2011-2017,13,hyundai i30 gd,2011-2017,DA,Nu se poate monta pe masini care au navigatie originala din fabrica.,"incompatibilitate cu navigatia de fabrica (PROBABIL limitarea LOR, nu a masinii)",,,https://www.navigatiiandroid.ro/navigatie-hyundai-i30-gd-2011-2017/navigatie-dedicata-cu-android-hyundai-i30-2011-2017-12gb-ram-radio-gps-dual-zone-display-2k-qled-9-5-touchscreen-internet-wi
hyundai,hyundai ix35,2009-2015,13,hyundai ix35,2009-2015,DA,Daca masina are amplificator sau navigatie originala si camera de marsarier este nevoie de un cablu adaptor care se achizitioneaza separat.,sistem audio amplificat din fabrica,,,https://www.navigatiiandroid.ro/navigatie-hyundai-ix35-2009-2015/navigatie-dedicata-cu-android-hyundai-ix35-2009-2015-1gb-ram-radio-gps-dual-zone-display-hd-ips-9-touchscreen-internet-wi-fi
kia,kia sportage,2010-2015,13,kia sportage 3,2010-2016,DA,Daca masina are amplificator sau navigatie originala si camera de marsarier este nevoie de un cablu adaptor care se achizitioneaza separat.,sistem audio amplificat din fabrica,,,https://www.navigatiiandroid.ro/navigatie-kia-sportage-3-2010-2016/navigatie-dedicata-cu-android-kia-sportage-2010-2016-1gb-ram-radio-gps-dual-zone-display-hd-ips-9-touchscreen-internet-wi-fi
mitsubishi,mitsubishi asx,2010-2016,13,mitsubishi asx,dupa 2010,DA,Daca masina are amplificator Rockford este nevoie de un cablu adaptor care se achizitioneaza separat.,sistem audio amplificat din fabrica,,,https://www.navigatiiandroid.ro/navigatie-mitsubishi-asx-dupa-2010/navigatie-dedicata-cu-android-mitsubishi-asx-dupa-2019-12gb-ram-radio-gps-dual-zone-display-2k-qled-10-36-touchscreen
mitsubishi,mitsubishi outlander ii,2006-2012,13,mitsubishi outlander 2,2006-2012,DA,Daca masina are amplificator Rockford este nevoie de acest cablu adaptor care se achizitioneaza separat.,sistem audio amplificat din fabrica,,,https://www.navigatiiandroid.ro/navigatie-mitsubishi-outlander-2-2006-2012/navigatie-dedicata-cu-android-mitsubishi-outlander-ii-2006-2012-1gb-ram-radio-gps-dual-zone-display-hd-ips-9-touchscreen
mitsubishi,mitsubishi pajero iv,2006-2014,13,mitsubishi pajero 4,2006-2021,DA,Daca masina are amplificator Rockford este nevoie de acest cablu adaptor care se achizitioneaza separat.,sistem audio amplificat din fabrica,,,https://www.navigatiiandroid.ro/navigatie-mitsubishi-pajero-4-2006-2021/navigatie-dedicata-cu-android-mitsubishi-pajero-iv-2006-2018-1gb-ram-radio-gps-dual-zone-display-hd-ips-9-touchscreen
nissan,nissan juke,2010-2019,13,nissan juke,2010-2019,DA,Pentru masinile care au camere 360 este necesar un cablu suplimentar care se achizitioneaza separat.,cere cablu/adaptor separat,,,https://www.navigatiiandroid.ro/navigatie-nissan-juke-2010-2019/navigatie-dedicata-cu-android-nissan-juke-2010-2019-1gb-ram-radio-gps-dual-zone-display-hd-ips-9-touchscreen-internet-wi-fi
nissan,nissan navara,dupa 2017,13,nissan navara np300 d23,dupa 2014,DA,Pentru masinile care au camere 360 este necesar un cablu suplimentar care se achizitioneaza separat.,cere cablu/adaptor separat,,,https://www.navigatiiandroid.ro/navigatie-nissan-navara-np300-d23-dupa-2014/navigatie-dedicata-cu-android-nissan-navara-np300-d23-dupa-2014-1gb-ram-radio-gps-dual-zone-display-hd-ips-9-touchscreen
opel,opel astra j,2009-2015,13,opel astra j,2009-2018,DA,Nu se poate monta pe masini care au din fabrica sistem de sunet Infinity.,altceva — de citit,,,https://www.navigatiiandroid.ro/navigatie-opel-astra-j-2009-2018/navigatie-dedicata-cu-android-opel-astra-j-2009-2018-12gb-ram-radio-gps-dual-zone-display-2k-qled-9-5-touchscreen-internet-wi
opel,opel insignia,2008-2013,13,opel insignia a,2008-2017,DA,Nu se poate monta pe masini care au din fabrica sistem de sunet Infinity.,altceva — de citit,,,https://www.navigatiiandroid.ro/navigatie-opel-insignia-a-2008-2017/navigatie-dedicata-cu-android-opel-insignia-a-2008-2013-12gb-ram-radio-gps-dual-zone-display-2k-qled-9-5-touchscreen-internet
opel,opel insignia,2013-2017,13,opel insignia a,2008-2017,DA,Nu se poate monta pe masini care au din fabrica sistem de sunet Infinity.,altceva — de citit,,,https://www.navigatiiandroid.ro/navigatie-opel-insignia-a-2008-2017/navigatie-dedicata-cu-android-opel-insignia-a-2008-2013-12gb-ram-radio-gps-dual-zone-display-2k-qled-9-5-touchscreen-internet
peugeot,peugeot 4008,2012-2017,13,peugeot 4008,2012-2017,DA,Daca masina are amplificator Rockford este nevoie de acest cablu adaptor care se achizitioneaza separat.,sistem audio amplificat din fabrica,,,https://www.navigatiiandroid.ro/navigatie-peugeot-4008-2012-2017/navigatie-dedicata-cu-android-peugeot-4008-2012-2017-1gb-ram-radio-gps-dual-zone-display-hd-ips-10-touchscreen-internet-wi-fi
skoda,skoda octavia 3,2013-2018,13,skoda octavia 3,2013-2020,DA,Nu se poate monta pe masini care au amplificator audio Canton.,sistem audio amplificat din fabrica,,,https://www.navigatiiandroid.ro/navigatie-skoda-octavia-3-2013-2020/navigatie-dedicata-cu-android-skoda-octavia-iii-2013-2020-1gb-ram-radio-gps-dual-zone-display-hd-ips-10-touchscreen-internet
toyota,toyota hilux,2005-2015,13,toyota hilux 7,2004-2015,DA,Daca masina are amplificator sau navigatie originala si camera de marsarier este nevoie de acest cablu adaptor care se achizitioneaza separat.,sistem audio amplificat din fabrica,,,https://www.navigatiiandroid.ro/navigatie-toyota-hilux-7-2004-2015/navigatie-dedicata-cu-android-toyota-hilux-vii-2004-2015-1gb-ram-radio-gps-dual-zone-display-hd-ips-9-touchscreen-internet-wi
bmw,bmw seria 3,1999-2006,12,bmw seria 3 e46,1997-2005,DA,Daca masina are sistemul audio pe fibra optica (are amplificator sau magazie de cd-uri) este necesar un cablu suplimentar de 6m care se achizitioneaza separat.,cere cablu/adaptor separat,,,https://www.navigatiiandroid.ro/navigatie-bmw-seria-3-e46-1997-2005/navigatie-dedicata-cu-android-bmw-seria-3-e46-1997-2005-1gb-ram-radio-gps-dual-zone-display-hd-ips-9-touchscreen-internet-wi
bmw,bmw seria 5 e39,1995-2003,12,bmw seria 5 e39,1995-2003,DA,Daca masina are sistemul audio pe fibra optica (are amplificator sau magazie de cd-uri) este necesar un cablu suplimentar de 6m care se achizitioneaza separat.,cere cablu/adaptor separat,,,https://www.navigatiiandroid.ro/navigatie-bmw-seria-5-e39-1995-2003/navigatie-dedicata-cu-android-bmw-seria-5-e39-1995-2003-1gb-ram-radio-gps-dual-zone-display-hd-ips-9-touchscreen-internet-wi
bmw,bmw x5 e53,1999-2006,12,bmw x5 e53,2000-2006,DA,Daca masina are sistemul audio pe fibra optica (are amplificator sau magazie de cd-uri) este necesar un cablu suplimentar de 6m care se achizitioneaza separat.,cere cablu/adaptor separat,,,https://www.navigatiiandroid.ro/navigatie-bmw-x5-e53-2000-2006/navigatie-dedicata-cu-android-bmw-x5-e53-2000-2006-1gb-ram-radio-gps-dual-zone-display-hd-ips-9-touchscreen-internet-wi-fi
Mercedes Benz,mercedes benz b class w245,2005-2011,12,mercedes b class w245,2005-2011,DA,Daca masina are sistemul audio pe fibra optica (are amplificator sau magazie de cd-uri) este necesar un decodor suplimentar care se achizitoneaza separat.,sistem audio amplificat din fabrica,,,https://www.navigatiiandroid.ro/navigatie-mercedes-b-class-w245-2005-2011/navigatie-dedicata-cu-android-mercedes-b-class-w245-2005-2011-1gb-ram-radio-gps-dual-zone-display-hd-ips-9-touchscreen
Mercedes Benz,mercedes benz c class w203,2000-2004,12,mercedes c class w203,2000-2007,DA,Daca masina are sistemul audio pe fibra optica (are amplificator sau magazie de cd-uri) este necesar un cablu suplimentar de 6m care se achizitioneaza separat.,cere cablu/adaptor separat,,,https://www.navigatiiandroid.ro/navigatie-mercedes-c-class-w203-2000-2007/navigatie-dedicata-cu-android-mercedes-c-class-w203-2000-2004-1gb-ram-radio-gps-dual-zone-display-hd-ips-9-touchscreen
Mercedes Benz,mercedes benz c class w203,2004-2007,12,mercedes c class w203,2000-2007,DA,Daca masina are sistemul audio pe fibra optica (are amplificator sau magazie de cd-uri) este necesar un cablu suplimentar de 6m care se achizitioneaza separat.,cere cablu/adaptor separat,,,https://www.navigatiiandroid.ro/navigatie-mercedes-c-class-w203-2000-2007/navigatie-dedicata-cu-android-mercedes-c-class-w203-2000-2004-1gb-ram-radio-gps-dual-zone-display-hd-ips-9-touchscreen
Mercedes Benz,mercedes benz cls c219,2004-2011,12,mercedes cls c219,2004-2011,DA,Daca masina are sistemul audio pe fibra optica (are amplificator sau magazie de cd-uri) este necesar un decodor suplimentar care se achizitoneaza separat.,sistem audio amplificat din fabrica,,,https://www.navigatiiandroid.ro/navigatie-mercedes-cls-c219-2004-2011/navigatie-dedicata-cu-android-mercedes-cls-c219-2004-2011-1gb-ram-radio-gps-dual-zone-display-hd-ips-9-touchscreen-internet
Mercedes Benz,mercedes benz e class w211,2002-2009,12,mercedes e class w211,2002-2009,DA,Daca masina are sistemul audio pe fibra optica (are amplificator sau magazie de cd-uri) este necesar un decodor suplimentar care se achizitoneaza separat.,sistem audio amplificat din fabrica,,,https://www.navigatiiandroid.ro/navigatie-mercedes-e-class-w211-2002-2009/navigatie-dedicata-cu-android-mercedes-e-class-w211-2002-2009-1gb-ram-radio-gps-dual-zone-display-hd-ips-9-touchscreen
Mercedes Benz,mercedes benz ml w164,2005-2012,12,mercedes ml w164,2005-2012,DA,Daca masina are sistemul audio pe fibra optica (are amplificator sau magazie de cd-uri) este necesar un decodor suplimentar care se achizitoneaza separat.,sistem audio amplificat din fabrica,,,https://www.navigatiiandroid.ro/navigatie-mercedes-ml-w164-2005-2012/navigatie-dedicata-cu-android-mercedes-m-class-ml-w164-2005-2012-1gb-ram-radio-gps-dual-zone-display-hd-ips-9-touchscreen
vw,vw passat b5,2000-2005,12,vw passat b5 b5 5,1996-2005,DA,"Navigatia nu preia incalizrea in scaune, dezaburirea lunetei sau butonul de ESP. Daca masina are comenzi pe volan este necesar un cablu adaptor ISO sau Quadlock 40pini care se achizitioneaza separat.",altceva — de citit,,,https://www.navigatiiandroid.ro/navigatie-vw-passat-b5-b5-5-1996-2005/navigatie-dedicata-cu-android-vw-passat-b5-5-2001-2005-12gb-ram-radio-gps-dual-zone-display-2k-qled-9-5-touchscreen-internet
vw,vw touareg 7l,2002-2011,12,vw touareg 7l,2002-2011,DA,"Comenzile de pe volan preluate sunt VOL+ si VOL-, nu si CH+ si CH-. Nu se poate monta pe masini cu amplificator Dynaudio din fabrica.",sistem audio amplificat din fabrica,,,https://www.navigatiiandroid.ro/navigatie-vw-touareg-7l-2002-2011/navigatie-dedicata-cu-android-vw-touareg-7l-2002-2011-12gb-ram-radio-gps-dual-zone-display-2k-qled-9-5-touchscreen-internet
citroen,citroen c crosser,2007-2012,9,citroen c crosser,2007-2012,DA,Daca masina are amplificator Rockford este nevoie de acest cablu adaptor care se achizitioneaza separat.,sistem audio amplificat din fabrica,,,https://www.navigatiiandroid.ro/navigatie-citroen-c-crosser-2007-2012/navigatie-dedicata-cu-android-citroen-c-crosser-2007-2012-1gb-ram-radio-gps-dual-zone-display-hd-ips-9-touchscreen-internet
citroen,citroen elysee,2013-2018,9,citroen c elysee,2012-2021,DA,Nu se poate monta pe masini care au navigatie originala din fabrica.,"incompatibilitate cu navigatia de fabrica (PROBABIL limitarea LOR, nu a masinii)",,,https://www.navigatiiandroid.ro/navigatie-citroen-c-elysee-2012-2021/navigatie-dedicata-cu-android-citroen-c-elysee-2012-2021-1gb-ram-radio-gps-dual-zone-display-hd-ips-9-touchscreen-internet-wi
citroen,citroen jumper,2006-2022,9,citroen jumper,dupa 2006,DA,"Nu se poate monta pe masini cu navigatie originala, detalii aici .","incompatibilitate cu navigatia de fabrica (PROBABIL limitarea LOR, nu a masinii)",,,https://www.navigatiiandroid.ro/navigatie-citroen-jumper-dupa-2006/navigatie-dedicata-cu-android-citroen-jumper-dupa-2006-12gb-ram-radio-gps-dual-zone-display-2k-qled-9-5-touchscreen-internet
dacia,dacia jogger,dupa 2022,9,dacia jogger,dupa 2021,DA,"Nu se poate monta pe masini care au navigatie originala din fabrica, pilot automat adaptiv (distronic) sau senzori parcare fata.","incompatibilitate cu navigatia de fabrica (PROBABIL limitarea LOR, nu a masinii)",,,https://www.navigatiiandroid.ro/navigatie-dacia-jogger-dupa-2021/navigatie-dedicata-cu-android-dacia-jogger-dupa-2021-12gb-ram-radio-gps-dual-zone-display-2k-qled-9-5-touchscreen-internet-wi
dacia,dacia logan 3,2021-2023,9,dacia logan 3,dupa 2021,DA,"Nu se poate monta pe masini care au navigatie originala din fabrica, pilot automat adaptiv (distronic) sau senzori parcare fata.","incompatibilitate cu navigatia de fabrica (PROBABIL limitarea LOR, nu a masinii)",,,https://www.navigatiiandroid.ro/navigatie-dacia-logan-3-dupa-2021/navigatie-dedicata-cu-android-dacia-logan-iii-dupa-2021-12gb-ram-radio-gps-dual-zone-display-2k-qled-9-5-touchscreen-internet
dacia,dacia sandero 3,2021-2023,9,dacia sandero 3,dupa 2021,DA,"Nu se poate monta pe masini care au navigatie originala din fabrica, pilot automat adaptiv (distronic) sau senzori parcare fata.","incompatibilitate cu navigatia de fabrica (PROBABIL limitarea LOR, nu a masinii)",,,https://www.navigatiiandroid.ro/navigatie-dacia-sandero-3-dupa-2021/navigatie-dedicata-cu-android-dacia-sandero-iii-dupa-2021-12gb-ram-radio-gps-dual-zone-display-2k-qled-9-5-touchscreen
ford,ford c max ii grand c max,2010-2019,9,ford c max 2 grand c max,2010-2019,DA,"Senzorii de parcare vor functiona, dar functia de parcare automata (modele ce parcheaza singure) nu va fi disponibila. Dupa montaj vor ramane mici spatii la imbinarea ramei navigatiei cu restul bordului, detalii aici .",altceva — de citit,,,https://www.navigatiiandroid.ro/navigatie-ford-c-max-2-grand-c-max-2010-2019/navigatie-dedicata-cu-android-ford-c-max-ii-grand-c-max-2010-2019-cu-navigatie-originala-12gb-ram-radio-gps-dual-zone-display
ford,ford focus 4,dupa 2019,9,ford focus 4,dupa 2018,DA,Daca masina are amplificator audio Bang & Olufsen este nevoie de acest cablu adaptor care se achizitioneaza separat.,sistem audio amplificat din fabrica,,,https://www.navigatiiandroid.ro/navigatie-ford-focus-4-dupa-2018/navigatie-dedicata-cu-android-ford-focus-iv-dupa-2018-12gb-ram-radio-gps-dual-zone-display-2k-qled-10-36-touchscreen-internet
ford,ford kuga 2,2013-2018,9,ford kuga 2,2012-2019,DA,"Senzorii de parcare vor functiona, dar functia de parcare automata (modele ce parcheaza singure) nu va fi disponibila. Dupa montaj vor ramane mici spatii la imbinarea ramei navigatiei cu restul bordului, detalii aici .",altceva — de citit,,,https://www.navigatiiandroid.ro/navigatie-ford-kuga-2-2012-2019/navigatie-dedicata-cu-android-ford-kuga-ii-2012-2019-1gb-ram-radio-gps-dual-zone-display-hd-ips-9-touchscreen-internet-wi-fi
ford,ford transit,2014-2020,9,ford transit,dupa 2014,DA,"Daca masina are ecran pe bord care afiseaza data si ora, dupa montaj va ramane un mic spatiu gol in spatele navigatiei.",altceva — de citit,,,https://www.navigatiiandroid.ro/navigatie-ford-transit-dupa-2014/navigatie-dedicata-cu-android-ford-transit-2014-2020-12gb-ram-radio-gps-dual-zone-display-2k-qled-9-5-touchscreen-internet-wi
honda,honda accord vii,2003-2008,9,honda accord 7,2003-2008,DA,Nu se poate monta pe masini cu motor diesel.,altceva — de citit,,,https://www.navigatiiandroid.ro/navigatie-honda-accord-7-2003-2008/navigatie-dedicata-cu-android-honda-accord-vii-2003-2008-benzina-1gb-ram-radio-gps-dual-zone-display-hd-ips-10-touchscreen
honda,honda civic x,2015-2021,9,honda civic 10,2015-2021,DA,Daca masina are amplificator audio este nevoie de acest cablu adaptor care se achizitioneaza separat.,sistem audio amplificat din fabrica,,,https://www.navigatiiandroid.ro/navigatie-honda-civic-10-2015-2021/navigatie-dedicata-cu-android-honda-civic-x-2015-2021-1gb-ram-radio-gps-dual-zone-display-hd-ips-9-touchscreen-internet-wi-fi
honda,honda civic x,2020-2021,9,honda civic 10,2015-2021,DA,Daca masina are amplificator audio este nevoie de acest cablu adaptor care se achizitioneaza separat.,sistem audio amplificat din fabrica,,,https://www.navigatiiandroid.ro/navigatie-honda-civic-10-2015-2021/navigatie-dedicata-cu-android-honda-civic-x-2015-2021-1gb-ram-radio-gps-dual-zone-display-hd-ips-9-touchscreen-internet-wi-fi
hyundai,hyundai elantra,2015-2020,9,hyundai elantra 6,2015-2020,DA,Daca masina are amplificator sau navigatie originala si camera de marsarier este nevoie de acest cablu adaptor care se achizitioneaza separat.,sistem audio amplificat din fabrica,,,https://www.navigatiiandroid.ro/navigatie-hyundai-elantra-6-2015-2020/navigatie-dedicata-cu-android-hyundai-elantra-vi-2015-2018-12gb-ram-radio-gps-dual-zone-display-2k-qled-9-5-touchscreen
hyundai,hyundai elantra,dupa 2020,9,hyundai elantra 7,dupa 2020,DA,Daca masina are amplificator sau navigatie originala si camera de marsarier este nevoie de acest cablu adaptor care se achizitioneaza separat.,sistem audio amplificat din fabrica,,,https://www.navigatiiandroid.ro/navigatie-hyundai-elantra-7-dupa-2020/navigatie-dedicata-cu-android-hyundai-elantra-vii-dupa-2020-12gb-ram-radio-gps-dual-zone-display-2k-qled-10-36-touchscreen
hyundai,hyundai i10,dupa 2020,9,hyundai i10,dupa 2020,DA,"Pozitia clemelor de prindere din zona centrala a ramei incluse in pachet difera fata de cele originale. Pentru a putea fi montata navigatia, unele dintre clemele ramei trebuie taiate si rama lipita de bord.",altceva — de citit,,,https://www.navigatiiandroid.ro/navigatie-hyundai-i10-dupa-2020/navigatie-dedicata-cu-android-hyundai-i10-dupa-2020-12gb-ram-radio-gps-dual-zone-display-2k-qled-9-5-touchscreen-internet-wi
hyundai,hyundai i20,dupa 2020,9,hyundai i20,dupa 2020,DA,"Pentru a putea monta navigația este nevoie ca atât rama primită de la noi cât și o parte din plasticul de pe bordul mașinii să fie ușor decupate. La exterior nu se va vedea nimic, decupătura ramânând în spatele ramei. Vă rugăm ca înainte de a decupa bordul să conectați mufele de alimentare și să testați cu atenție navigația și toate funcțiile și specificațiile acesteia. Nu ne asumam răspunderea pentru tăietura rămasă în urma decupării în cazul în care, din orice motiv, doriți să returnați navigația.",altceva — de citit,,,https://www.navigatiiandroid.ro/navigatie-hyundai-i20-dupa-2020/navigatie-dedicata-cu-android-hyundai-i20-dupa-2020-12gb-ram-radio-gps-dual-zone-display-2k-qled-10-36-touchscreen-internet
hyundai,hyundai i30,dupa 2017,9,hyundai i30 pd,dupa 2017,DA,Daca masina are amplificator sau navigatie originala si camera de marsarier este nevoie de acest cablu adaptor care se achizitioneaza separat.,sistem audio amplificat din fabrica,,,https://www.navigatiiandroid.ro/navigatie-hyundai-i30-pd-dupa-2017/navigatie-dedicata-cu-android-hyundai-i30-dupa-2017-12gb-ram-radio-gps-dual-zone-display-2k-qled-9-5-touchscreen-internet-wi
hyundai,hyundai i40,2012-2020,9,hyundai i40,2012-2020,DA,Nu se poate monta pe masini care au navigatie originala din fabrica.,"incompatibilitate cu navigatia de fabrica (PROBABIL limitarea LOR, nu a masinii)",,,https://www.navigatiiandroid.ro/navigatie-hyundai-i40-2012-2020/navigatie-dedicata-cu-android-hyundai-i40-2012-2020-12gb-ram-radio-gps-dual-zone-display-2k-qled-9-5-touchscreen-internet-wi
hyundai,hyundai ioniq,2016-2022,9,hyundai ioniq,2016-2022,DA,Daca masina are amplificator sau navigatie originala si camera de marsarier este nevoie de acest cablu adaptor care se achizitioneaza separat.,sistem audio amplificat din fabrica,,,https://www.navigatiiandroid.ro/navigatie-hyundai-ioniq-2016-2022/navigatie-dedicata-cu-android-hyundai-ioniq-ae-2016-2019-12gb-ram-radio-gps-dual-zone-display-2k-qled-9-5-touchscreen
hyundai,hyundai kona,2017-2023,9,hyundai kona,dupa 2017,DA,Daca masina are amplificator sau navigatie originala si camera de marsarier este nevoie de acest cablu adaptor care se achizitioneaza separat.,sistem audio amplificat din fabrica,,,https://www.navigatiiandroid.ro/navigatie-hyundai-kona-dupa-2017/navigatie-dedicata-cu-android-hyundai-kona-dupa-2017-12gb-ram-radio-gps-dual-zone-display-2k-qled-10-36-touchscreen-internet
hyundai,hyundai santa fe iv,2018-2021,9,hyundai santa fe 4,dupa 2018,DA,Daca masina are amplificator sau navigatie originala si camera de marsarier este nevoie de acest cablu adaptor care se achizitioneaza separat.,sistem audio amplificat din fabrica,,,https://www.navigatiiandroid.ro/navigatie-hyundai-santa-fe-4-dupa-2018/navigatie-dedicata-cu-android-hyundai-santa-fe-iv-dupa-2018-12gb-ram-radio-gps-dual-zone-display-2k-qled-10-36-touchscreen
hyundai,hyundai santa fe iv,dupa 2021,9,hyundai santa fe 4,dupa 2018,DA,Daca masina are amplificator sau navigatie originala si camera de marsarier este nevoie de acest cablu adaptor care se achizitioneaza separat.,sistem audio amplificat din fabrica,,,https://www.navigatiiandroid.ro/navigatie-hyundai-santa-fe-4-dupa-2018/navigatie-dedicata-cu-android-hyundai-santa-fe-iv-dupa-2018-12gb-ram-radio-gps-dual-zone-display-2k-qled-10-36-touchscreen
hyundai,hyundai tucson 3,2015-2020,9,hyundai tucson,2015-2020,DA,Daca masina are amplificator sau navigatie originala si camera de marsarier este nevoie de un cablu adaptor care se achizitioneaza separat.,sistem audio amplificat din fabrica,,,https://www.navigatiiandroid.ro/navigatie-hyundai-tucson-2015-2020/navigatie-dedicata-cu-android-hyundai-tucson-2015-2018-12gb-ram-radio-gps-dual-zone-display-2k-qled-9-5-touchscreen-internet
iveco,iveco daily vi,dupa 2014,9,iveco daily 6,dupa 2014,DA,"Daca masina are comenzi pe volan, pentru a fi preluate de navigatie este necesar acest cablu suplimentar care se achizitioneaza separat.",cere cablu/adaptor separat,,,https://www.navigatiiandroid.ro/navigatie-iveco-daily-6-dupa-2014/navigatie-dedicata-cu-android-iveco-daily-vi-dupa-2014-12gb-ram-radio-gps-dual-zone-display-2k-qled-9-5-touchscreen-internet
jeep,jeep renegade,2014-2023,9,jeep renegade,dupa 2014,DA,"Pentru masinile fabricate dupa 2022 care au camera de marsarier originala si doriti sa fie preluata de catre navigatie este necesar un cablu suplimentar care se achizitioneaza separat. Alternativ puteti folosi camera de marsarier primita cadou de la noi, caz in care nu mai este nevoie de acest cablu.",cere cablu/adaptor separat,,,https://www.navigatiiandroid.ro/navigatie-jeep-renegade-dupa-2014/navigatie-dedicata-cu-android-jeep-renegade-dupa-2014-12gb-ram-radio-gps-dual-zone-display-2k-qled-9-5-touchscreen-internet
kia,kia ceed,2012-2018,9,kia ceed,2012-2018,DA,Daca masina are amplificator sau navigatie originala si camera de marsarier este nevoie de acest cablu adaptor care se achizitioneaza separat.,sistem audio amplificat din fabrica,,,https://www.navigatiiandroid.ro/navigatie-kia-ceed-2012-2018/navigatie-dedicata-cu-android-kia-ceed-2012-2018-12gb-ram-radio-gps-dual-zone-display-2k-qled-9-5-touchscreen-internet-wi-fi
kia,kia ceed,2018-2022,9,kia ceed proceed xceed,dupa 2018,DA,Daca masina are amplificator sau navigatie originala si camera de marsarier este nevoie de acest cablu adaptor care se achizitioneaza separat.,sistem audio amplificat din fabrica,,,https://www.navigatiiandroid.ro/navigatie-kia-ceed-proceed-xceed-dupa-2018/navigatie-dedicata-cu-android-kia-ceed-proceed-xceed-2018-2020-12gb-ram-radio-gps-dual-zone-display-2k-qled-9-5-touchscreen
kia,kia sorento,2009-2012,9,kia sorento 2,2009-2015,DA,Nu se poate monta pe masini care au navigatie originala din fabrica.,"incompatibilitate cu navigatia de fabrica (PROBABIL limitarea LOR, nu a masinii)",,,https://www.navigatiiandroid.ro/navigatie-kia-sorento-2-2009-2015/navigatie-dedicata-cu-android-kia-sorento-2012-2015-12gb-ram-radio-gps-dual-zone-display-2k-qled-9-5-touchscreen-internet-wi
kia,kia sportage,2004-2010,9,kia sportage 2,2004-2010,DA,"Nu se poate monta pe masini care au rotitele de reglaj aer deasupra unitatii audio, detalii aici .",altceva — de citit,,,https://www.navigatiiandroid.ro/navigatie-kia-sportage-2-2004-2010/navigatie-dedicata-cu-android-kia-sportage-2004-2010-1gb-ram-radio-gps-dual-zone-display-hd-ips-9-touchscreen-internet-wi-fi
kia,kia sportage,2016-2018,9,kia sportage 4,2016-2021,DA,Daca masina are amplificator sau navigatie originala si camera de marsarier este nevoie de un cablu adaptor care se achizitioneaza separat.,sistem audio amplificat din fabrica,,,https://www.navigatiiandroid.ro/navigatie-kia-sportage-4-2016-2021/navigatie-dedicata-cu-android-kia-sportage-2016-2018-12gb-ram-radio-gps-dual-zone-display-2k-qled-9-5-touchscreen-internet-wi
kia,kia sportage,2018-2019,9,kia sportage 4,2016-2021,DA,Daca masina are amplificator sau navigatie originala si camera de marsarier este nevoie de un cablu adaptor care se achizitioneaza separat.,sistem audio amplificat din fabrica,,,https://www.navigatiiandroid.ro/navigatie-kia-sportage-4-2016-2021/navigatie-dedicata-cu-android-kia-sportage-2016-2018-12gb-ram-radio-gps-dual-zone-display-2k-qled-9-5-touchscreen-internet-wi
kia,kia sportage,2019-2021,9,kia sportage 4,2016-2021,DA,Daca masina are amplificator sau navigatie originala si camera de marsarier este nevoie de un cablu adaptor care se achizitioneaza separat.,sistem audio amplificat din fabrica,,,https://www.navigatiiandroid.ro/navigatie-kia-sportage-4-2016-2021/navigatie-dedicata-cu-android-kia-sportage-2016-2018-12gb-ram-radio-gps-dual-zone-display-2k-qled-9-5-touchscreen-internet-wi
Land Rover,land rover freelander 2,2006-2012,9,land rover freelander 2,2006-2014,DA,Daca unitatea audio originala are mufa precum in poza de aici este nevoie de acest cablu adaptor care se achizitioneaza separat.,altceva — de citit,,,https://www.navigatiiandroid.ro/navigatie-land-rover-freelander-2-2006-2014/navigatie-dedicata-cu-android-land-rover-freelander-2-2006-2012-12gb-ram-radio-gps-dual-zone-display-2k-qled-9-5-touchscreen
lexus,lexus rx,2003-2009,9,lexus rx 2,2003-2009,DA,Nu se poate monta pe masini care au navigatie originala din fabrica.,"incompatibilitate cu navigatia de fabrica (PROBABIL limitarea LOR, nu a masinii)",,,https://www.navigatiiandroid.ro/navigatie-lexus-rx-2-2003-2009/navigatie-dedicata-cu-android-lexus-rx-2003-2009-12gb-ram-radio-gps-dual-zone-display-2k-qled-9-5-touchscreen-internet-wi-fi
mazda,mazda 2,2007-2014,9,mazda 2,2007-2014,DA,Navigatia este compatibila si cu masinile cu sistem audio Bose.,sistem audio amplificat din fabrica,,,https://www.navigatiiandroid.ro/navigatie-mazda-2-2007-2014/navigatie-dedicata-cu-android-mazda-2-2007-2014-1gb-ram-radio-gps-dual-zone-display-hd-ips-9-touchscreen-internet-wi-fi
mazda,mazda 2,2014-2021,9,mazda 2,2014-2022,DA,Navigatia este compatibila si cu masinile cu sistem audio Bose.,sistem audio amplificat din fabrica,,,https://www.navigatiiandroid.ro/navigatie-mazda-2-2014-2022/navigatie-dedicata-cu-android-mazda-2-2014-2022-cx-3-dupa-2015-12gb-ram-radio-gps-dual-zone-display-2k-qled-9-5-touchscreen
mazda,mazda 3,2003-2009,9,mazda 3,2003-2009,DA,Navigatia este compatibila si cu masinile cu sistem audio Bose.,sistem audio amplificat din fabrica,,,https://www.navigatiiandroid.ro/navigatie-mazda-3-2003-2009/navigatie-dedicata-cu-android-mazda-3-2003-2009-1gb-ram-radio-gps-dual-zone-display-hd-ips-9-touchscreen-internet-wi-fi
mazda,mazda 3,2009-2013,9,mazda 3,2009-2013,DA,Navigatia este compatibila si cu masinile cu sistem audio Bose.,sistem audio amplificat din fabrica,,,https://www.navigatiiandroid.ro/navigatie-mazda-3-2009-2013/navigatie-dedicata-cu-android-mazda-3-2009-2013-1gb-ram-radio-gps-dual-zone-display-hd-ips-9-touchscreen-internet-wi-fi
mazda,mazda cx 3,2014-2021,9,mazda 3,2013-2019,DA,Daca masina are navigatie originala sau camera de marsarier este necesar un cablu suplimentar care se achizitioneaza separat. Navigatia este compatibila si cu masinile cu sistem audio Bose.,cere cablu/adaptor separat,,,https://www.navigatiiandroid.ro/navigatie-mazda-3-2013-2019/navigatie-dedicata-cu-android-mazda-3-2013-2019-1gb-ram-radio-gps-dual-zone-display-hd-ips-9-touchscreen-internet-wi-fi
mazda,mazda 5,2005-2010,9,mazda 5,2005-2010,DA,Navigatia este compatibila si cu masinile cu sistem audio Bose.,sistem audio amplificat din fabrica,,,https://www.navigatiiandroid.ro/navigatie-mazda-5-2005-2010/navigatie-dedicata-cu-android-mazda-5-2005-2010-12gb-ram-radio-gps-dual-zone-display-2k-qled-9-5-touchscreen-internet-wi-fi
mazda,mazda mx 5,2005-2015,9,mazda 5,2005-2010,DA,Navigatia este compatibila si cu masinile cu sistem audio Bose.,sistem audio amplificat din fabrica,,,https://www.navigatiiandroid.ro/navigatie-mazda-5-2005-2010/navigatie-dedicata-cu-android-mazda-5-2005-2010-12gb-ram-radio-gps-dual-zone-display-2k-qled-9-5-touchscreen-internet-wi-fi
mazda,mazda mx 5,2005-2015,9,mazda 5,2010-2017,DA,Navigatia este compatibila si cu masinile cu sistem audio Bose.,sistem audio amplificat din fabrica,,,https://www.navigatiiandroid.ro/navigatie-mazda-5-2010-2017/navigatie-dedicata-cu-android-mazda-5-2010-2017-12gb-ram-radio-gps-dual-zone-display-2k-qled-9-5-touchscreen-internet-wi-fi
mazda,mazda 6,2002-2008,9,mazda 6,2002-2008,DA,Navigatia este compatibila si cu masinile cu sistem audio Bose.,sistem audio amplificat din fabrica,,,https://www.navigatiiandroid.ro/navigatie-mazda-6-2002-2008/navigatie-dedicata-cu-android-mazda-6-2002-2008-1gb-ram-radio-gps-dual-zone-display-hd-ips-9-touchscreen-internet-wi-fi
mazda,mazda 6,2013-2019,9,mazda 6,dupa 2013,DA,Navigatia este compatibila si cu masinile cu sistem audio Bose.,sistem audio amplificat din fabrica,,,https://www.navigatiiandroid.ro/navigatie-mazda-6-dupa-2013/navigatie-dedicata-cu-android-mazda-6-2013-2015-1gb-ram-radio-gps-dual-zone-display-hd-ips-9-touchscreen-internet-wi-fi
Mercedes Benz,mercedes benz ml w163,1997-2005,9,mercedes ml w163,1998-2005,DA,Daca masina are sistemul audio pe fibra optica (are amplificator sau magazie de cd-uri) este necesar un decodor suplimentar care se achizitoneaza separat.,sistem audio amplificat din fabrica,,,https://www.navigatiiandroid.ro/navigatie-mercedes-ml-w163-1998-2005/navigatie-dedicata-cu-android-mercedes-ml-w163-2001-2005-12gb-ram-radio-gps-dual-zone-display-2k-qled-9-5-touchscreen
Mercedes Benz,mercedes benz ml w166,2011-2015,9,mercedes ml w166,2011-2015,DA,"Nu se poate monta pe masini care au sistem de sunet Harman Kardon. Daca masina are camere original 360 grade, acestea nu pot fi preluate de catre navigatie.",sistem audio amplificat din fabrica,,,https://www.navigatiiandroid.ro/navigatie-mercedes-ml-w166-2011-2015/navigatie-dedicata-cu-android-mercedes-m-class-ml-w166-2011-2015-1gb-ram-radio-gps-dual-zone-display-hd-ips-9-touchscreen
mini,mini cooper,2014-2020,9,mini cooper one,2014-2024,DA,Nu se poate monta pe masini care au navigatie originala din fabrica.,"incompatibilitate cu navigatia de fabrica (PROBABIL limitarea LOR, nu a masinii)",,,https://www.navigatiiandroid.ro/navigatie-mini-cooper-one-2014-2024/navigatie-dedicata-cu-android-mini-cooper-one-f55-f56-f57-2014-2020-12gb-ram-radio-gps-dual-zone-display-2k-qled-9-5
mitsubishi,mitsubishi asx,2017-2019,9,mitsubishi asx,dupa 2010,DA,Daca masina are amplificator Rockford este nevoie de un cablu adaptor care se achizitioneaza separat.,sistem audio amplificat din fabrica,,,https://www.navigatiiandroid.ro/navigatie-mitsubishi-asx-dupa-2010/navigatie-dedicata-cu-android-mitsubishi-asx-dupa-2019-12gb-ram-radio-gps-dual-zone-display-2k-qled-10-36-touchscreen
mitsubishi,mitsubishi asx,2020-2022,9,mitsubishi asx,dupa 2010,DA,Daca masina are amplificator Rockford este nevoie de un cablu adaptor care se achizitioneaza separat.,sistem audio amplificat din fabrica,,,https://www.navigatiiandroid.ro/navigatie-mitsubishi-asx-dupa-2010/navigatie-dedicata-cu-android-mitsubishi-asx-dupa-2019-12gb-ram-radio-gps-dual-zone-display-2k-qled-10-36-touchscreen
mitsubishi,mitsubishi lancer,2007-2013,9,mitsubishi lancer,dupa 2007,DA,Daca masina are amplificator Rockford este nevoie de acest cablu adaptor care se achizitioneaza separat.,sistem audio amplificat din fabrica,,,https://www.navigatiiandroid.ro/navigatie-mitsubishi-lancer-dupa-2007/navigatie-dedicata-cu-android-mitsubishi-lancer-dupa-2007-12gb-ram-radio-gps-dual-zone-display-2k-qled-10-36-touchscreen
mitsubishi,mitsubishi outlander i,2001-2006,9,mitsubishi outlander 1,2001-2006,DA,"Compatibila cu masini care au bordul ca in aceasta poza . Pentru a putea monta rama navigatiei, este nevoie ca buzele de plastic din dreptul butoanelor de climatizare sa fie taiate. De asemenea, rama nu se aseaza perfect, ramanand lufturi la imbinarea cu restul bordului. Detalii in aceasta poza .",afisaj/comenzi clima,,,https://www.navigatiiandroid.ro/navigatie-mitsubishi-outlander-1-2001-2006/navigatie-dedicata-cu-android-mitsubishi-outlander-i-2001-2006-12gb-ram-radio-gps-dual-zone-display-2k-qled-10-36-touchscreen
opel,opel adam,2012-2019,9,opel adam,2012-2016,DA,Daca unitatea audio originala are mufa precum in poza de aici este necesar un cablu suplimentar care se achizitioneaza separat.,cere cablu/adaptor separat,,,https://www.navigatiiandroid.ro/navigatie-opel-adam-2012-2016/navigatie-dedicata-cu-android-opel-adam-2012-2016-12gb-ram-radio-gps-dual-zone-display-2k-qled-9-5-touchscreen-internet-wi-fi
opel,opel astra k,2015-2021,9,opel astra k,2015-2021,DA,"Nu se poate monta pe masini care au din fabrica sistem de sunet Bose. In cazuri rare, la anumite masini comenzile de pe volan nu sunt preluate de canbus si nu vor functiona. In functie de echiparea masinii, este posibil ca mufa de la butonul de avarii sa necesite o usoara modificare.",sistem audio amplificat din fabrica,,,https://www.navigatiiandroid.ro/navigatie-opel-astra-k-2015-2021/navigatie-dedicata-cu-android-opel-astra-k-2015-2021-sedan-12gb-ram-radio-gps-dual-zone-display-2k-qled-9-5-touchscreen
opel,opel corsa e,2014-2019,9,opel corsa e,2014-2019,DA,Daca unitatea audio originala are mufa precum in poza de aici este necesar un cablu suplimentar care se achizitioneaza separat.,cere cablu/adaptor separat,,,https://www.navigatiiandroid.ro/navigatie-opel-corsa-e-2014-2019/navigatie-dedicata-cu-android-opel-corsa-e-2014-2019-12gb-ram-radio-gps-dual-zone-display-2k-qled-9-5-touchscreen-internet-wi
opel,opel mokka,2012-2016,9,opel mokka a,2012-2020,DA,Nu se poate monta pe masini care au din fabrica sistem de sunet Infinity.,altceva — de citit,,,https://www.navigatiiandroid.ro/navigatie-opel-mokka-a-2012-2020/navigatie-dedicata-cu-android-opel-mokka-a-2012-2016-12gb-ram-radio-gps-dual-zone-display-2k-qled-9-5-touchscreen-internet-wi
opel,opel mokka,2016-2020,9,opel mokka a,2012-2020,DA,Nu se poate monta pe masini care au din fabrica sistem de sunet Infinity.,altceva — de citit,,,https://www.navigatiiandroid.ro/navigatie-opel-mokka-a-2012-2020/navigatie-dedicata-cu-android-opel-mokka-a-2012-2016-12gb-ram-radio-gps-dual-zone-display-2k-qled-9-5-touchscreen-internet-wi
peugeot,peugeot 301,2013-2018,9,peugeot 301,dupa 2012,DA,Nu se poate monta pe masini care au navigatie originala din fabrica.,"incompatibilitate cu navigatia de fabrica (PROBABIL limitarea LOR, nu a masinii)",,,https://www.navigatiiandroid.ro/navigatie-peugeot-301-dupa-2012/navigatie-dedicata-cu-android-peugeot-301-dupa-2012-1gb-ram-radio-gps-dual-zone-display-hd-ips-9-touchscreen-internet-wi-fi
peugeot,peugeot 5008,2017-2020,9,peugeot 5008,dupa 2017,DA,"Nu se poate monta pe masini care au distronic (pilot automat adaptiv). Daca masina are odorizant original si led-uri ambientale, acestea nu se mai pot regla dupa montajul navigatiei, raman asa cum au fost setate din aparatul original. Camera spate originala se poate prelua, insa nu se poate prelua camera fata originala.",altceva — de citit,,,https://www.navigatiiandroid.ro/navigatie-peugeot-5008-dupa-2017/navigatie-dedicata-cu-android-peugeot-5008-2017-2020-12gb-ram-radio-gps-dual-zone-display-2k-qled-9-5-touchscreen-internet-wi
peugeot,peugeot boxer,2006-2022,9,peugeot boxer,dupa 2006,DA,"Nu se poate monta pe masini cu navigatie originala, detalii aici .","incompatibilitate cu navigatia de fabrica (PROBABIL limitarea LOR, nu a masinii)",,,https://www.navigatiiandroid.ro/navigatie-peugeot-boxer-dupa-2006/navigatie-dedicata-cu-android-peugeot-boxer-dupa-2006-12gb-ram-radio-gps-dual-zone-display-2k-qled-9-5-touchscreen-internet
porsche,porsche cayenne,2003-2010,9,porsche cayenne,2002-2010,DA,Daca masina are sistemul audio pe fibra optica (are amplificator sau magazie de cd-uri) este necesar un decodor suplimentar care se achizitoneaza separat.,sistem audio amplificat din fabrica,,,https://www.navigatiiandroid.ro/navigatie-porsche-cayenne-2002-2010/navigatie-dedicata-cu-android-porsche-cayenne-2002-2010-1gb-ram-radio-gps-dual-zone-display-hd-ips-9-touchscreen-internet-wi
renault,renault clio iii,2005-2014,9,renault clio 3,2005-2012,DA,"Daca masina are comenzi pe volan, pentru a fi preluate de navigatie este necesar acest cablu suplimentar care se achizitioneaza separat.",cere cablu/adaptor separat,,,https://www.navigatiiandroid.ro/navigatie-renault-clio-3-2005-2012/navigatie-dedicata-cu-android-renault-clio-iii-2005-2012-12gb-ram-radio-gps-dual-zone-display-2k-qled-9-5-touchscreen
renault,renault clio iv,2012-2015,9,renault clio 4,2012-2019,DA,Daca masina are navigatie originala R Link este necesar un cablu suplimentar care se achizitioneaza separat.,cere cablu/adaptor separat,,,https://www.navigatiiandroid.ro/navigatie-renault-clio-4-2012-2019/navigatie-dedicata-cu-android-renault-clio-iv-2012-2019-1gb-ram-radio-gps-dual-zone-display-hd-ips-10-touchscreen-internet-wi
renault,renault clio iv,2016-2019,9,renault clio 4,2012-2019,DA,Daca masina are navigatie originala R Link este necesar un cablu suplimentar care se achizitioneaza separat.,cere cablu/adaptor separat,,,https://www.navigatiiandroid.ro/navigatie-renault-clio-4-2012-2019/navigatie-dedicata-cu-android-renault-clio-iv-2012-2019-1gb-ram-radio-gps-dual-zone-display-hd-ips-10-touchscreen-internet-wi
renault,renault koleos,2009-2016,9,renault koleos 1,2008-2016,DA,Nu se poate monta pe masini care au navigatie originala din fabrica.,"incompatibilitate cu navigatia de fabrica (PROBABIL limitarea LOR, nu a masinii)",,,https://www.navigatiiandroid.ro/navigatie-renault-koleos-1-2008-2016/navigatie-dedicata-cu-android-renault-koleos-2008-2016-1gb-ram-radio-gps-dual-zone-display-hd-ips-9-touchscreen-internet-wi
renault,renault megane ii,2001-2009,9,renault megane 2,2001-2009,DA,"In cazuri rare, la anumite masini comenzile de pe volan nu sunt preluate, iar satelitul de comenzi al masinii trebuie modificat. Aceasta modificare implica un cost suplimentar de 250 lei.",altceva — de citit,,,https://www.navigatiiandroid.ro/navigatie-renault-megane-2-2001-2009/navigatie-dedicata-cu-android-renault-megane-ii-2001-2009-1gb-ram-radio-gps-dual-zone-display-hd-ips-9-touchscreen-internet
seat,seat leon iii,2012-2020,9,seat leon 5f,2013-2020,DA,"Daca masina are amplificator audio sub scaunul soferului, acesta va trebui anulat.",sistem audio amplificat din fabrica,,,https://www.navigatiiandroid.ro/navigatie-seat-leon-5f-2013-2020/navigatie-dedicata-cu-android-seat-leon-5f-2013-2020-1gb-ram-radio-gps-dual-zone-display-hd-ips-9-touchscreen-internet-wi-fi
skoda,skoda kodiaq,2016-2024,9,skoda kodiaq,dupa 2016,DA,Nu se poate monta pe masini care au amplificator audio Canton.,sistem audio amplificat din fabrica,,,https://www.navigatiiandroid.ro/navigatie-skoda-kodiaq-dupa-2016/navigatie-dedicata-cu-android-skoda-kodiaq-dupa-2016-1gb-ram-radio-gps-dual-zone-display-hd-ips-10-touchscreen-internet-wi-fi
skoda,skoda superb iii,2015-2019,9,skoda superb 3,dupa 2015,DA,"Daca masina are amplificator audio sub scaunul soferului, acesta va trebui anulat.",sistem audio amplificat din fabrica,,,https://www.navigatiiandroid.ro/navigatie-skoda-superb-3-dupa-2015/navigatie-dedicata-cu-android-skoda-superb-iii-2015-2017-1gb-ram-radio-gps-dual-zone-display-hd-ips-10-touchscreen-internet
smart,smart forfour,2014-2021,9,smart forfour,dupa 2014,DA,Daca masina are navigatie originala din fabrica este necesar acest cablu suplimentar care se achizitioneaza separat.,cere cablu/adaptor separat,,,https://www.navigatiiandroid.ro/navigatie-smart-forfour-dupa-2014/navigatie-dedicata-cu-android-smart-forfour-dupa-2014-12gb-ram-radio-gps-dual-zone-display-2k-qled-9-5-touchscreen-internet
smart,smart fortwo,2014-2020,9,smart fortwo,dupa 2014,DA,Daca masina are navigatie originala din fabrica este necesar acest cablu suplimentar care se achizitioneaza separat.,cere cablu/adaptor separat,,,https://www.navigatiiandroid.ro/navigatie-smart-fortwo-dupa-2014/navigatie-dedicata-cu-android-smart-fortwo-dupa-2014-12gb-ram-radio-gps-dual-zone-display-2k-qled-9-5-touchscreen-internet-wi
subaru,subaru forester sj,2016-2018,9,subaru forester sj,2013-2018,DA,Daca masina are amplificator sau navigatie originala si camera de marsarier este nevoie de acest cablu adaptor care se achizitioneaza separat.,sistem audio amplificat din fabrica,,,https://www.navigatiiandroid.ro/navigatie-subaru-forester-sj-2013-2018/navigatie-dedicata-cu-android-subaru-forester-2013-2018-1gb-ram-radio-gps-dual-zone-display-hd-ips-9-touchscreen-internet-wi
subaru,subaru forester sj,2012-2016,9,subaru forester sj,2013-2018,DA,Daca masina are amplificator sau navigatie originala si camera de marsarier este nevoie de acest cablu adaptor care se achizitioneaza separat.,sistem audio amplificat din fabrica,,,https://www.navigatiiandroid.ro/navigatie-subaru-forester-sj-2013-2018/navigatie-dedicata-cu-android-subaru-forester-2013-2018-1gb-ram-radio-gps-dual-zone-display-hd-ips-9-touchscreen-internet-wi
suzuki,suzuki ignis,2017-2020,9,suzuki ignis 3,dupa 2016,DA,"Daca masina are navigatie din fabrica si pe ecranul acesteia se afiseaza informatii despre sistemul hibrid al masinii, pentru ca aceste informatii sa fie preluate de navigatia cu android este necesar un cablu suplimentar care se achizitioneaza separat.",cere cablu/adaptor separat,,,https://www.navigatiiandroid.ro/navigatie-suzuki-ignis-3-dupa-2016/navigatie-dedicata-cu-android-suzuki-ignis-iii-dupa-2016-12gb-ram-radio-gps-dual-zone-display-2k-qled-9-5-touchscreen
suzuki,suzuki sx4 s cross,2013-2021,9,suzuki sx4 s cross,dupa 2013,DA,"Daca masina are navigatie din fabrica si pe ecranul acesteia se afiseaza informatii despre sistemul hibrid al masinii, pentru ca aceste informatii sa fie preluate de navigatia cu android este necesar un cablu suplimentar care se achizitioneaza separat.",cere cablu/adaptor separat,,,https://www.navigatiiandroid.ro/navigatie-suzuki-sx4-s-cross-dupa-2013/navigatie-dedicata-cu-android-suzuki-sx4-s-cross-dupa-2013-1gb-ram-radio-gps-dual-zone-display-hd-ips-9-touchscreen-internet
suzuki,suzuki vitara,2015-2023,9,suzuki vitara,dupa 2015,DA,"Daca masina are navigatie din fabrica si pe ecranul acesteia se afiseaza informatii despre sistemul hibrid al masinii, pentru ca aceste informatii sa fie preluate de navigatia cu android este necesar un cablu suplimentar care se achizitioneaza separat.",cere cablu/adaptor separat,,,https://www.navigatiiandroid.ro/navigatie-suzuki-vitara-dupa-2015/navigatie-dedicata-cu-android-suzuki-vitara-dupa-2015-1gb-ram-radio-gps-dual-zone-display-hd-ips-9-touchscreen-internet-wi-fi
toyota,toyota auris e18,2013-2017,9,toyota auris e18,2012-2019,DA,"Daca masina are amplificator sau navigatie originala si camera de marsarier este nevoie de acest cablu adaptor care se achizitioneaza separat. Nu se poate monta pe masini cu butonul de avarii patrat. Pentru a putea fi montata, este necesar sa se decupeze o portiune mica de plastic din interiorul bordului. Rama din pachet se lipeste de rama originala a masinii pe interiorul bordului, la exterior rezultatul fiind unul excelent din punct de vedere estetic.","incompatibilitate cu navigatia de fabrica (PROBABIL limitarea LOR, nu a masinii)",,,https://www.navigatiiandroid.ro/navigatie-toyota-auris-e18-2012-2019/navigatie-dedicata-cu-android-toyota-auris-2015-2019-12gb-ram-radio-gps-dual-zone-display-2k-qled-9-5-touchscreen-internet-wi
toyota,toyota avensis,2015-2018,9,toyota avensis t27,2009-2018,DA,Daca masina are amplificator sau navigatie originala si camera de marsarier este nevoie de un cablu adaptor care se achizitioneaza separat.,sistem audio amplificat din fabrica,,,https://www.navigatiiandroid.ro/navigatie-toyota-avensis-t27-2009-2018/navigatie-dedicata-cu-android-toyota-avensis-2009-2015-1gb-ram-radio-gps-dual-zone-display-hd-ips-9-touchscreen-internet-wi
toyota,toyota corolla e21,dupa 2019,9,toyota corolla e21,dupa 2019,DA,Daca masina are amplificator sau navigatie originala si camera de marsarier este nevoie de acest cablu adaptor care se achizitioneaza separat.,sistem audio amplificat din fabrica,,,https://www.navigatiiandroid.ro/navigatie-toyota-corolla-e21-dupa-2019/navigatie-dedicata-cu-android-toyota-corolla-e21-dupa-2019-12gb-ram-radio-gps-dual-zone-display-2k-qled-10-36-touchscreen
toyota,toyota hilux,2015-2018,9,toyota hilux 8,dupa 2015,DA,Daca masina are amplificator sau navigatie originala si camera de marsarier este nevoie de acest cablu adaptor care se achizitioneaza separat.,sistem audio amplificat din fabrica,,,https://www.navigatiiandroid.ro/navigatie-toyota-hilux-8-dupa-2015/navigatie-dedicata-cu-android-toyota-hilux-viii-dupa-2015-1gb-ram-radio-gps-dual-zone-display-hd-ips-10-touchscreen-internet
toyota,toyota rav4,dupa 2019,9,toyota rav4 5,dupa 2018,DA,Daca masina are amplificator sau navigatie originala si camera de marsarier este nevoie de acest cablu adaptor care se achizitioneaza separat.,sistem audio amplificat din fabrica,,,https://www.navigatiiandroid.ro/navigatie-toyota-rav4-5-dupa-2018/navigatie-dedicata-cu-android-toyota-rav4-v-dupa-2018-12gb-ram-radio-gps-dual-zone-display-2k-qled-10-36-touchscreen-internet
toyota,toyota verso,2010-2015,9,toyota verso,2009-2018,DA,Se poate monta pe masini care au bordul ca in aceasta poza .,altceva — de citit,,,https://www.navigatiiandroid.ro/navigatie-toyota-verso-2009-2018/navigatie-dedicata-cu-android-toyota-verso-2009-2018-12gb-ram-radio-gps-dual-zone-display-2k-qled-9-5-touchscreen-internet-wi
volvo,volvo s40 ii,2006-2012,9,volvo s40,2004-2013,DA,"Daca mașina nu are capac pe bord, pentru a putea monta navigația este necesară decuparea bordului. Detalii aici . Dacă alegeți această variantă, vă rugăm ca înainte de a decupa bordul să conectați mufele de alimentare și să testați cu atenție navigația și toate funcțiile și specificațiile acesteia. Nu ne asumam răspunderea pentru gaura rămasă în urma decupării în cazul în care, din orice motiv, doriți să returnați navigația. Navigatia comunica prin aux-in cu aparatul radio original. Volumul se controleaza prin unitatea originala si next / previous track de pe ecranul tactil al navigatiei. Receptia radio se face prin aparatul original. Daca masina are navigatie originala si magazie de cd-uri in torpedou este necesar un cablu suplimentar care se achizitioneaza separat.",cere cablu/adaptor separat,,,https://www.navigatiiandroid.ro/navigatie-volvo-s40-2004-2013/navigatie-dedicata-cu-android-volvo-c30-c70-ii-s40-ii-v50-2004-2013-12gb-ram-radio-gps-dual-zone-display-2k-qled-9-5
volvo,volvo s60 ii,2014-2018,9,volvo s60,2010-2018,DA,La modelele cu navigatie originala nu este preluat meniul ascuns care se acceseaza din butonul My car.,altceva — de citit,,,https://www.navigatiiandroid.ro/navigatie-volvo-s60-2010-2018/navigatie-dedicata-cu-android-volvo-s60-ii-v60-i-2010-2014-12gb-ram-radio-gps-dual-zone-display-2k-qled-9-5-touchscreen
volvo,volvo s80,1996-2006,9,volvo s80,1998-2006,DA,Daca masina are amplificator audio sub scaunul soferului sau pasagerului este nevoie de acest cablu adaptor care se achizitioneaza separat.,sistem audio amplificat din fabrica,,,https://www.navigatiiandroid.ro/navigatie-volvo-s80-1998-2006/navigatie-dedicata-cu-android-volvo-s80-i-2004-2006-12gb-ram-radio-gps-dual-zone-display-2k-qled-9-5-touchscreen-internet-wi
volvo,volvo xc60,2014-2017,9,volvo xc60,2008-2017,DA,La modelele cu navigatie originala nu este preluat meniul ascuns care se acceseaza din butonul My car.,altceva — de citit,,,https://www.navigatiiandroid.ro/navigatie-volvo-xc60-2008-2017/navigatie-dedicata-cu-android-volvo-xc60-i-2008-2013-12gb-ram-radio-gps-dual-zone-display-2k-qled-9-5-touchscreen-internet-wi
vw,vw passat b8,2015-2019,9,vw passat b8,dupa 2015,DA,"Daca masina are amplificator audio sub scaunul soferului, acesta va trebui anulat.",sistem audio amplificat din fabrica,,,https://www.navigatiiandroid.ro/navigatie-vw-passat-b8-dupa-2015/navigatie-dedicata-cu-android-vw-passat-b8-dupa-2015-1gb-ram-radio-gps-dual-zone-display-hd-ips-10-touchscreen-internet-wi-fi
vw,vw tiguan,2016-2024,9,vw tiguan 2,dupa 2016,DA,"Daca masina are amplificator audio sub scaunul soferului, acesta va trebui anulat.",sistem audio amplificat din fabrica,,,https://www.navigatiiandroid.ro/navigatie-vw-tiguan-2-dupa-2016/navigatie-dedicata-cu-android-vw-tiguan-ii-dupa-2016-12gb-ram-radio-gps-dual-zone-display-2k-qled-10-36-touchscreen-internet
vw,vw touareg 7p,2010-2018,9,vw touareg 7p,2010-2018,DA,Daca masina are navigatie originala sau ecran mare din fabrica este necesar un cablu suplimentar in valoare de 800 lei care nu este inclus in pachetul navigatiei.,cere cablu/adaptor separat,,,https://www.navigatiiandroid.ro/navigatie-vw-touareg-7p-2010-2018/navigatie-dedicata-cu-android-vw-touareg-7p-2010-2018-12gb-ram-radio-gps-dual-zone-display-2k-qled-9-5-touchscreen-internet
vw,vw touran iii,dupa 2015,9,vw touran 3,dupa 2015,DA,"Daca masina are amplificator audio sub scaunul soferului, acesta va trebui anulat.",sistem audio amplificat din fabrica,,,https://www.navigatiiandroid.ro/navigatie-vw-touran-3-dupa-2015/navigatie-dedicata-cu-android-vw-touran-iii-dupa-2015-1gb-ram-radio-gps-dual-zone-display-hd-ips-10-touchscreen-internet-wi
vw,vw transporter t6,2019-2024,9,vw transporter t6,dupa 2015,DA,"Daca masina are rotile de reglare sub grilele de ventilatie, acestea vor trebui scoase pentru a putea monta navigatia.",altceva — de citit,,,https://www.navigatiiandroid.ro/navigatie-vw-transporter-t6-dupa-2015/navigatie-dedicata-cu-android-vw-transporter-caravelle-multivan-t6-2015-2020-12gb-ram-radio-gps-dual-zone-display-2k-qled-9-5
bmw,bmw x6 e71,2007-2014,7,bmw x6 e71,2007-2014,DA,Compatibila cu masini cu unitate multimedia CCC. Preia toate functiile meniului original.,altceva — de citit,,,https://www.navigatiiandroid.ro/navigatie-bmw-x6-e71-2007-2014/navigatie-dedicata-cu-android-bmw-x6-e71-2007-2014-12gb-ram-radio-gps-dual-zone-display-2k-qled-9-5-touchscreen-internet-wi
bmw,bmw seria 4,2013-2021,6,bmw seria 4 f32 f36,2013-2020,DA,Compatibil cu masini cu unitate multimedia NBT. Preia toate functiile meniului original. Nu este compatibil cu masini cu unitate multimedia NBT Evo: ID4/ID5/ID6.,altceva — de citit,,,https://www.navigatiiandroid.ro/navigatie-bmw-seria-4-f32-f36-2013-2020/navigatie-dedicata-cu-android-bmw-seria-4-f32-f36-2013-2016-12gb-ram-radio-gps-dual-zone-display-2k-qled-9-5-touchscreen
ford,ford mondeo,2000-2007,6,ford mondeo 3,2000-2007,DA,Nu se poate monta pe masini care au navigatie originala din fabrica.,"incompatibilitate cu navigatia de fabrica (PROBABIL limitarea LOR, nu a masinii)",,,https://www.navigatiiandroid.ro/navigatie-ford-mondeo-3-2000-2007/navigatie-dedicata-cu-android-ford-mondeo-iii-2000-2007-clima-automata-12gb-ram-radio-gps-dual-zone-display-2k-qled-9-5
audi,audi q5,2008-2017,5,audi q5 8r,2008-2017,DA,Se poate monta pe masini echipate cu Audi Concert si Audi Symphony. Daca masina este echipata cu Audi Multimedia (MMI 3G) este nevoie de acest cablu adaptor care se achizitioneaza separat. Nu se poate monta pe masini echipate cu Audi CD Changer (MMI 2G) sau Audi Chorus. Vezi detalii aici .,altceva — de citit,,,https://www.navigatiiandroid.ro/navigatie-audi-q5-8r-2008-2017/navigatie-dedicata-cu-android-audi-q5-8r-2008-2017-12gb-ram-radio-gps-dual-zone-display-2k-qled-9-5-touchscreen-internet-wi
bmw,bmw x6 e71 cic,2007-2014,4,bmw x6 e71,2007-2014,DA,Compatibila cu masini cu unitate multimedia CCC. Preia toate functiile meniului original.,altceva — de citit,,,https://www.navigatiiandroid.ro/navigatie-bmw-x6-e71-2007-2014/navigatie-dedicata-cu-android-bmw-x6-e71-2007-2014-12gb-ram-radio-gps-dual-zone-display-2k-qled-9-5-touchscreen-internet-wi
ford,ford focus 3,2011-2019,4,ford focus 3,2011-2018,DA,"Daca masina are 12 senzori de parcare originali (6 fata si 6 spate), acestia vor fi preluati de navigatie doar vizual, nu si acustic.",altceva — de citit,,,https://www.navigatiiandroid.ro/navigatie-ford-focus-3-2011-2018/navigatie-dedicata-cu-android-ford-focus-iii-2011-2018-1gb-ram-radio-gps-dual-zone-display-hd-ips-9-touchscreen-internet-wi
ford,ford transit courier,2014-2018,4,ford transit,dupa 2014,DA,"Daca masina are ecran pe bord care afiseaza data si ora, dupa montaj va ramane un mic spatiu gol in spatele navigatiei.",altceva — de citit,,,https://www.navigatiiandroid.ro/navigatie-ford-transit-dupa-2014/navigatie-dedicata-cu-android-ford-transit-2014-2020-12gb-ram-radio-gps-dual-zone-display-2k-qled-9-5-touchscreen-internet-wi
Mercedes Benz,mercedes benz glk,2008-2012,4,mercedes glk x204,2008-2015,DA,"Nu se poate monta pe masini care au sistem de sunet Harman Kardon. Daca masina are camere original 360 grade, acestea nu pot fi preluate de catre navigatie.",sistem audio amplificat din fabrica,,,https://www.navigatiiandroid.ro/navigatie-mercedes-glk-x204-2008-2015/navigatie-dedicata-cu-android-mercedes-glk-x204-2008-2012-12gb-ram-radio-gps-dual-zone-display-2k-qled-9-5-touchscreen
Mercedes Benz,mercedes benz glk,2013-2015,4,mercedes glk x204,2008-2015,DA,"Nu se poate monta pe masini care au sistem de sunet Harman Kardon. Daca masina are camere original 360 grade, acestea nu pot fi preluate de catre navigatie.",sistem audio amplificat din fabrica,,,https://www.navigatiiandroid.ro/navigatie-mercedes-glk-x204-2008-2015/navigatie-dedicata-cu-android-mercedes-glk-x204-2008-2012-12gb-ram-radio-gps-dual-zone-display-2k-qled-9-5-touchscreen
bmw,bmw x6 e71 ccc,2007-2014,3,bmw x6 e71,2007-2014,DA,Compatibila cu masini cu unitate multimedia CCC. Preia toate functiile meniului original.,altceva — de citit,,,https://www.navigatiiandroid.ro/navigatie-bmw-x6-e71-2007-2014/navigatie-dedicata-cu-android-bmw-x6-e71-2007-2014-12gb-ram-radio-gps-dual-zone-display-2k-qled-9-5-touchscreen-internet-wi
bmw,bmw x1 e84 cic,2009-2015,1,bmw x1 e84,2009-2015,DA,Nu se poate monta pe masini care au navigatie originala din fabrica.,"incompatibilitate cu navigatia de fabrica (PROBABIL limitarea LOR, nu a masinii)",,,https://www.navigatiiandroid.ro/navigatie-bmw-x1-e84-2009-2015/navigatie-dedicata-cu-android-bmw-x1-e84-2009-2015-1gb-ram-radio-gps-dual-zone-display-hd-ips-10-touchscreen-internet-wi-fi
bmw,bmw x3 f25 cic,2011-2017,1,bmw x3 f25,2010-2017,DA,"Pentru a putea fi montata interfata, masina trebuie sa aiba AUX activat. In cazul masinilor cu camere 360 din fabrica, acestea vor fi afisate, dar nu va fi posibila schimbarea modului de vizualizare.",altceva — de citit,,,https://www.navigatiiandroid.ro/navigatie-bmw-x3-f25-2010-2017/interfata-audio-video-cu-android-auto-si-carplay-bmw-x3-f25-cu-navigatie-nbt-nbt-evo-id4-2013-2016
bmw,bmw x3 f25 nbt,2011-2017,1,bmw x3 f25,2010-2017,DA,"Pentru a putea fi montata interfata, masina trebuie sa aiba AUX activat. In cazul masinilor cu camere 360 din fabrica, acestea vor fi afisate, dar nu va fi posibila schimbarea modului de vizualizare.",altceva — de citit,,,https://www.navigatiiandroid.ro/navigatie-bmw-x3-f25-2010-2017/interfata-audio-video-cu-android-auto-si-carplay-bmw-x3-f25-cu-navigatie-nbt-nbt-evo-id4-2013-2016
CITROEN,(niciun model potrivit in catalogul nostru),,0,citroen berlingo,dupa 2018,DA,Daca masina are ecran mare din fabrica este nevoie de un ornament suplimentar in valoare de 100 lei. Pentru a putea fi montata navigatia este necesar ca o bucata de plastic din interiorul bordului sa fie decupata. Vezi detalii aici .,altceva — de citit,,,https://www.navigatiiandroid.ro/navigatie-citroen-berlingo-dupa-2018/navigatie-dedicata-cu-android-citroen-berlingo-dupa-2018-12gb-ram-radio-gps-dual-zone-display-2k-qled-10-36-touchscreen
HONDA,(niciun model potrivit in catalogul nostru),,0,honda civic 8,2006-2011,DA,Display-ul original pe care se afiseaza data si ora va ramane inactiv. Pentru a ramane activ este necesar un cablu adaptor - cost suplimentar 500 lei,altceva — de citit,,,https://www.navigatiiandroid.ro/navigatie-honda-civic-8-2006-2011/navigatie-dedicata-cu-android-honda-civic-viii-hatchback-2006-2011-12gb-ram-radio-gps-dual-zone-display-2k-qled-9-5
HYUNDAI,(niciun model potrivit in catalogul nostru),,0,hyundai santa fe 3,2012-2018,DA,Daca masina are amplificator sau navigatie originala si camera de marsarier este nevoie de acest cablu adaptor care se achizitioneaza separat.,sistem audio amplificat din fabrica,,,https://www.navigatiiandroid.ro/navigatie-hyundai-santa-fe-3-2012-2018/navigatie-dedicata-cu-android-hyundai-santa-fe-iii-grand-santa-fe-2012-2018-1gb-ram-radio-gps-dual-zone-display-hd-ips-9
JEEP,(niciun model potrivit in catalogul nostru),,0,jeep grand cherokee 2,1998-2005,DA,Daca masina are amplificator audio este nevoie de acest cablu adaptor care se achizitioneaza separat.,sistem audio amplificat din fabrica,,,https://www.navigatiiandroid.ro/navigatie-jeep-grand-cherokee-2-1998-2005/navigatie-dedicata-cu-android-jeep-grand-cherokee-ii-1998-2005-12gb-ram-radio-gps-dual-zone-display-2k-qled-9-5-touchscreen
JEEP,(niciun model potrivit in catalogul nostru),,0,jeep wrangler 4,dupa 2018,DA,"Daca masina are camera de marsarier originala si doriti sa fie preluata de catre navigatie este necesar un cablu suplimentar care se achizitioneaza separat. Alternativ puteti folosi camera de marsarier primita cadou de la noi, caz in care nu mai este nevoie de acest cablu.",cere cablu/adaptor separat,,,https://www.navigatiiandroid.ro/navigatie-jeep-wrangler-4-dupa-2018/navigatie-dedicata-cu-android-jeep-wrangler-iv-dupa-2018-12gb-ram-radio-gps-dual-zone-display-2k-qled-9-5-touchscreen
KIA,(niciun model potrivit in catalogul nostru),,0,kia optima 1,2010-2015,DA,Daca masina are amplificator sau navigatie originala si camera de marsarier este nevoie de acest cablu adaptor care se achizitioneaza separat.,sistem audio amplificat din fabrica,,,https://www.navigatiiandroid.ro/navigatie-kia-optima-1-2010-2015/navigatie-dedicata-cu-android-kia-optima-i-2010-2015-12gb-ram-radio-gps-dual-zone-display-2k-qled-9-5-touchscreen-internet-wi
KIA,(niciun model potrivit in catalogul nostru),,0,kia optima 2,dupa 2015,DA,Daca masina are amplificator sau navigatie originala si camera de marsarier este nevoie de acest cablu adaptor care se achizitioneaza separat.,sistem audio amplificat din fabrica,,,https://www.navigatiiandroid.ro/navigatie-kia-optima-2-dupa-2015/navigatie-dedicata-cu-android-kia-optima-ii-dupa-2015-12gb-ram-radio-gps-dual-zone-display-2k-qled-10-36-touchscreen-internet
KIA,(niciun model potrivit in catalogul nostru),,0,kia picanto 3,dupa 2017,DA,Daca masina are amplificator sau navigatie originala si camera de marsarier este nevoie de acest cablu adaptor care se achizitioneaza separat.,sistem audio amplificat din fabrica,,,https://www.navigatiiandroid.ro/navigatie-kia-picanto-3-dupa-2017/navigatie-dedicata-cu-android-kia-picanto-dupa-2017-12gb-ram-radio-gps-dual-zone-display-2k-qled-9-5-touchscreen-internet-wi
MAZDA,(niciun model potrivit in catalogul nostru),,0,mazda cx 5,2011-2017,DA,Daca masina are navigatie originala sau camera de marsarier este necesar un cablu suplimentar care se achizitioneaza separat. Detalii aici . Navigatia este compatibila si cu masinile cu sistem audio Bose.,cere cablu/adaptor separat,,,https://www.navigatiiandroid.ro/navigatie-mazda-cx-5-2011-2017/navigatie-dedicata-cu-android-mazda-cx-5-2011-2017-1gb-ram-radio-gps-dual-zone-display-hd-ips-9-touchscreen-internet-wi-fi
MAZDA,(niciun model potrivit in catalogul nostru),,0,mazda cx 5,dupa 2017,DA,Navigatia este compatibila si cu masinile cu sistem audio Bose.,sistem audio amplificat din fabrica,,,https://www.navigatiiandroid.ro/navigatie-mazda-cx-5-dupa-2017/navigatie-dedicata-cu-android-mazda-cx-5-2017-2021-12gb-ram-radio-gps-dual-zone-display-2k-qled-9-5-touchscreen-internet-wi
MAZDA,(niciun model potrivit in catalogul nostru),,0,mazda cx 7,2006-2015,DA,Navigatia este compatibila si cu masinile cu sistem audio Bose.,sistem audio amplificat din fabrica,,,https://www.navigatiiandroid.ro/navigatie-mazda-cx-7-2006-2015/navigatie-dedicata-cu-android-mazda-cx-7-2006-2015-1gb-ram-radio-gps-dual-zone-display-hd-ips-9-touchscreen-internet-wi-fi
MERCEDES,(niciun model potrivit in catalogul nostru),,0,mercedes clc class cl203,2008-2011,DA,Daca masina are sistemul audio pe fibra optica (are amplificator sau magazie de cd-uri) este necesar un cablu suplimentar de 6m care se achizitioneaza separat.,cere cablu/adaptor separat,,,https://www.navigatiiandroid.ro/navigatie-mercedes-clc-class-cl203-2008-2011/navigatie-dedicata-cu-android-mercedes-clc-class-cl203-2008-2011-1gb-ram-radio-gps-dual-zone-display-hd-ips-9-touchscreen
MERCEDES,(niciun model potrivit in catalogul nostru),,0,mercedes clk c209,2002-2010,DA,Daca masina are sistemul audio pe fibra optica (are amplificator sau magazie de cd-uri) este necesar un cablu suplimentar de 6m care se achizitioneaza separat.,cere cablu/adaptor separat,,,https://www.navigatiiandroid.ro/navigatie-mercedes-clk-c209-2002-2010/navigatie-dedicata-cu-android-mercedes-clk-c209-2002-2005-12gb-ram-radio-gps-dual-zone-display-2k-qled-9-5-touchscreen
MERCEDES,(niciun model potrivit in catalogul nostru),,0,mercedes g class w463,2002-2012,DA,Daca masina are sistemul audio pe fibra optica (are amplificator sau magazie de cd-uri) este necesar un cablu suplimentar de 6m care se achizitioneaza separat.,cere cablu/adaptor separat,,,https://www.navigatiiandroid.ro/navigatie-mercedes-g-class-w463-2002-2012/navigatie-dedicata-cu-android-mercedes-g-class-w463-2002-2009-12gb-ram-radio-gps-dual-zone-display-2k-qled-9-5-touchscreen
MERCEDES,(niciun model potrivit in catalogul nostru),,0,mercedes gl x166,2012-2015,DA,"Nu se poate monta pe masini care au sistem de sunet Harman Kardon. Daca masina are camere original 360 grade, acestea nu pot fi preluate de catre navigatie.",sistem audio amplificat din fabrica,,,https://www.navigatiiandroid.ro/navigatie-mercedes-gl-x166-2012-2015/navigatie-dedicata-cu-android-mercedes-gl-class-gl-x166-2012-2015-1gb-ram-radio-gps-dual-zone-display-hd-ips-9-touchscreen
MINI,(niciun model potrivit in catalogul nostru),,0,mini clubman,2015-2020,DA,Nu se poate monta pe masini care au navigatie originala din fabrica.,"incompatibilitate cu navigatia de fabrica (PROBABIL limitarea LOR, nu a masinii)",,,https://www.navigatiiandroid.ro/navigatie-mini-clubman-2015-2020/navigatie-dedicata-cu-android-mini-clubman-f54-2015-2020-12gb-ram-radio-gps-dual-zone-display-2k-qled-9-5-touchscreen
MINI,(niciun model potrivit in catalogul nostru),,0,mini countryman,2010-2017,DA,Nu se poate monta pe masini care au navigatie originala din fabrica.,"incompatibilitate cu navigatia de fabrica (PROBABIL limitarea LOR, nu a masinii)",,,https://www.navigatiiandroid.ro/navigatie-mini-countryman-2010-2017/navigatie-dedicata-cu-android-mini-countryman-paceman-r60-r61-2010-2017-12gb-ram-radio-gps-dual-zone-display-2k-qled-9-5
MINI,(niciun model potrivit in catalogul nostru),,0,mini countryman,2016-2020,DA,Nu se poate monta pe masini care au navigatie originala din fabrica.,"incompatibilitate cu navigatia de fabrica (PROBABIL limitarea LOR, nu a masinii)",,,https://www.navigatiiandroid.ro/navigatie-mini-countryman-2016-2020/navigatie-dedicata-cu-android-mini-countryman-f60-2016-2020-12gb-ram-radio-gps-dual-zone-display-2k-qled-9-5-touchscreen
MITSUBISHI,(niciun model potrivit in catalogul nostru),,0,mitsubishi eclipse cross,dupa 2017,DA,Se poate monta pe masini care au bordul ca in aceasta poza . Daca masina are amplificator Rockford este nevoie de acest cablu adaptor care se achizitioneaza separat.,sistem audio amplificat din fabrica,,,https://www.navigatiiandroid.ro/navigatie-mitsubishi-eclipse-cross-dupa-2017/navigatie-dedicata-cu-android-mitsubishi-eclipse-cross-2017-2020-12gb-ram-radio-gps-dual-zone-display-2k-qled-10-36
NISSAN,(niciun model potrivit in catalogul nostru),,0,nissan qashqai 1,2006-2014,DA,Daca masina are navigatie originala sau camera de marsarier este necesar un cablu suplimentar care se achizitioneaza separat.,cere cablu/adaptor separat,,,https://www.navigatiiandroid.ro/navigatie-nissan-qashqai-1-2006-2014/navigatie-dedicata-cu-android-nissan-qashqai-i-2006-2014-1gb-ram-radio-gps-dual-zone-display-hd-7-touchscreen-internet-wi-fi
NISSAN,(niciun model potrivit in catalogul nostru),,0,nissan qashqai 2,2014-2021,DA,Pentru masinile care au camere 360 este necesar un cablu suplimentar care se achizitioneaza separat.,cere cablu/adaptor separat,,,https://www.navigatiiandroid.ro/navigatie-nissan-qashqai-2-2014-2021/navigatie-dedicata-cu-android-nissan-qashqai-ii-2014-2021-1gb-ram-radio-gps-dual-zone-display-hd-ips-10-touchscreen-internet
PEUGEOT,(niciun model potrivit in catalogul nostru),,0,peugeot 3008,dupa 2016,DA,"Nu se poate monta pe masini care au distronic (pilot automat adaptiv). Daca masina are odorizant original si led-uri ambientale, acestea nu se mai pot regla dupa montajul navigatiei, raman asa cum au fost setate din aparatul original. Camera spate originala se poate prelua, insa nu se poate prelua camera fata originala.",altceva — de citit,,,https://www.navigatiiandroid.ro/navigatie-peugeot-3008-dupa-2016/navigatie-dedicata-cu-android-peugeot-3008-2016-2020-12gb-ram-radio-gps-dual-zone-display-2k-qled-9-5-touchscreen-internet-wi
PEUGEOT,(niciun model potrivit in catalogul nostru),,0,peugeot partner,dupa 2018,DA,Daca masina are ecran mare din fabrica este nevoie de un ornament suplimentar in valoare de 100 lei. Pentru a putea fi montata navigatia este necesar ca o bucata de plastic din interiorul bordului sa fie decupata. Vezi detalii aici .,altceva — de citit,,,https://www.navigatiiandroid.ro/navigatie-peugeot-partner-dupa-2018/navigatie-dedicata-cu-android-peugeot-partner-dupa-2018-12gb-ram-radio-gps-dual-zone-display-2k-qled-10-36-touchscreen
SEAT,(niciun model potrivit in catalogul nostru),,0,seat ibiza 4,2008-2017,DA,"Nu se poate monta pe masini care au butonul de avarii integrat in unitatea radio, detalii aici .",altceva — de citit,,,https://www.navigatiiandroid.ro/navigatie-seat-ibiza-4-2008-2017/navigatie-dedicata-cu-android-seat-ibiza-iv-2008-2013-1gb-ram-radio-gps-dual-zone-display-hd-ips-9-touchscreen-internet-wi-fi
SSANGYONG,(niciun model potrivit in catalogul nostru),,0,ssangyong rexton,2006-2012,DA,Compatibila cu masini care au bordul ca in aceasta poza .,altceva — de citit,,,https://www.navigatiiandroid.ro/navigatie-ssangyong-rexton-2006-2012/navigatie-dedicata-cu-android-ssangyong-rexton-2006-2012-12gb-ram-radio-gps-dual-zone-display-2k-qled-10-36-touchscreen
SUZUKI,(niciun model potrivit in catalogul nostru),,0,suzuki s cross,dupa 2021,DA,"Daca masina are navigatie din fabrica si pe ecranul acesteia se afiseaza informatii despre sistemul hibrid al masinii, pentru ca aceste informatii sa fie preluate de navigatia cu android este necesar un cablu suplimentar care se achizitioneaza separat.",cere cablu/adaptor separat,,,https://www.navigatiiandroid.ro/navigatie-suzuki-s-cross-dupa-2021/navigatie-dedicata-cu-android-suzuki-s-cross-dupa-2021-12gb-ram-radio-gps-dual-zone-display-2k-qled-9-5-touchscreen-internet
TOYOTA,(niciun model potrivit in catalogul nostru),,0,toyota corolla e18,2013-2018,DA,"Daca masina are amplificator sau navigatie originala si camera de marsarier este nevoie de un cablu adaptor care se achizitioneaza separat. Nu se poate monta pe masini cu butonul de avarii patrat. Pentru a putea fi montata, este necesar sa se decupeze o portiune mica de plastic din interiorul bordului.","incompatibilitate cu navigatia de fabrica (PROBABIL limitarea LOR, nu a masinii)",,,https://www.navigatiiandroid.ro/navigatie-toyota-corolla-e18-2013-2018/navigatie-dedicata-cu-android-toyota-corolla-2017-2018-1gb-ram-radio-gps-dual-zone-display-hd-ips-9-touchscreen-internet-wi
TOYOTA,(niciun model potrivit in catalogul nostru),,0,toyota land cruiser j100,1998-2008,DA,"Pentru masini echipate cu amplificator audio JBL din fabrica, cu bordul ca in aceasta poza",sistem audio amplificat din fabrica,,,https://www.navigatiiandroid.ro/navigatie-toyota-land-cruiser-j100-1998-2008/navigatie-dedicata-cu-android-toyota-land-cruiser-j100-2002-2008-12gb-ram-radio-gps-dual-zone-display-2k-qled-10-36
TOYOTA,(niciun model potrivit in catalogul nostru),,0,toyota land cruiser j200,2008-2015,DA,"Nu se poate monta pe masini care au navigatie originala din fabrica, detalii aici .","incompatibilitate cu navigatia de fabrica (PROBABIL limitarea LOR, nu a masinii)",,,https://www.navigatiiandroid.ro/navigatie-toyota-land-cruiser-j200-2008-2015/navigatie-dedicata-cu-android-toyota-land-cruiser-j200-2008-2015-12gb-ram-radio-gps-dual-zone-display-2k-qled-10-36
TOYOTA,(niciun model potrivit in catalogul nostru),,0,toyota land cruiser prado j120,2002-2010,DA,"Daca masina are bordul ca in primele 2 poze din imaginea de aici , navigatia nu se potriveste. Se poate monta doar pe masini cu bordul din poza 3.",altceva — de citit,,,https://www.navigatiiandroid.ro/navigatie-toyota-land-cruiser-prado-j120-2002-2010/navigatie-dedicata-cu-android-toyota-land-cruiser-prado-j120-2002-2010-12gb-ram-radio-gps-dual-zone-display-2k-qled-9-5
TOYOTA,(niciun model potrivit in catalogul nostru),,0,toyota land cruiser prado j150,dupa 2009,DA,"Daca masina are amplificator audio JBL din fabrica este nevoie de acest cablu adaptor care se achizitioneaza separat. Daca masina are navigatie originala din fabrica, este nevoie de un cablu suplimentar in valoare de 350 ron care se achizitoneaza separat. Daca masina are navigatie originala si camera de marsarier sau camere 360 grade, in plus fata de cablul de 350 ron, mai este nevoie de un alt cablu pentru preluarea camerelor in valoare de 350 lei.",cere cablu/adaptor separat,,,https://www.navigatiiandroid.ro/navigatie-toyota-land-cruiser-prado-j150-dupa-2009/navigatie-dedicata-cu-android-toyota-land-cruiser-prado-j150-2009-2013-12gb-ram-radio-gps-dual-zone-display-2k-qled-9-5
TOYOTA,(niciun model potrivit in catalogul nostru),,0,toyota prius w5,dupa 2015,DA,Daca masina are amplificator sau navigatie originala si camera de marsarier este nevoie de acest cablu adaptor care se achizitioneaza separat.,sistem audio amplificat din fabrica,,,https://www.navigatiiandroid.ro/navigatie-toyota-prius-w5-dupa-2015/navigatie-dedicata-cu-android-toyota-prius-w5-dupa-2015-12gb-ram-radio-gps-dual-zone-display-2k-qled-9-5-touchscreen-internet
vw,vw tiguan,2007-2016,55,vw tiguan 1,2007-2018,NU,,,,,https://www.navigatiiandroid.ro/navigatie-vw-tiguan-1-2007-2018/navigatie-dedicata-cu-android-vw-tiguan-i-2007-2012-1gb-ram-radio-gps-dual-zone-display-hd-ips-9-touchscreen-internet-wi-fi
ford,ford focus,2004-2011,51,ford focus 2,2004-2011,NU,,,,,https://www.navigatiiandroid.ro/navigatie-ford-focus-2-2004-2011/navigatie-dedicata-cu-android-ford-focus-ii-2004-2011-clima-manuala-1gb-ram-radio-gps-dual-zone-display-hd-ips-9-touchscreen
vw,vw golf 5,2004-2008,42,vw golf 5,2003-2010,NU,,,,,https://www.navigatiiandroid.ro/navigatie-vw-golf-5-2003-2010/navigatie-dedicata-cu-android-vw-golf-v-2003-2010-1gb-ram-radio-gps-dual-zone-display-hd-ips-10-touchscreen-internet-wi-fi
vw,vw scirocco,2008-2018,42,vw scirocco,2008-2018,NU,,,,,https://www.navigatiiandroid.ro/navigatie-vw-scirocco-2008-2018/navigatie-dedicata-cu-android-vw-scirocco-2008-2018-1gb-ram-radio-gps-dual-zone-display-hd-ips-10-touchscreen-internet-wi-fi
skoda,skoda octavia,2004-2013,33,skoda octavia 2,2004-2013,NU,,,,,https://www.navigatiiandroid.ro/navigatie-skoda-octavia-2-2004-2013/navigatie-dedicata-cu-android-skoda-octavia-ii-2004-2013-1gb-ram-radio-gps-dual-zone-display-hd-ips-9-touchscreen-internet
vw,vw jetta,2006-2010,33,vw jetta 3,2004-2011,NU,,,,,https://www.navigatiiandroid.ro/navigatie-vw-jetta-3-2004-2011/navigatie-dedicata-cu-android-vw-jetta-iii-2004-2011-1gb-ram-radio-gps-dual-zone-display-hd-ips-10-touchscreen-internet-wi-fi
vw,vw passat b6,2005-2010,33,vw passat b6 b7,2005-2015,NU,,,,,https://www.navigatiiandroid.ro/navigatie-vw-passat-b6-b7-2005-2015/navigatie-dedicata-cu-android-vw-passat-b6-b7-2005-2015-1gb-ram-radio-gps-dual-zone-display-hd-ips-10-touchscreen-internet-wi
vw,vw polo 6r,2009-2018,33,vw polo 6r,2009-2018,NU,,,,,https://www.navigatiiandroid.ro/navigatie-vw-polo-6r-2009-2018/navigatie-dedicata-cu-android-vw-polo-6r-2009-2018-1gb-ram-radio-gps-dual-zone-display-hd-ips-9-touchscreen-internet-wi-fi
vw,vw touran,2003-2013,33,vw touran 1,2003-2010,NU,,,,,https://www.navigatiiandroid.ro/navigatie-vw-touran-1-2003-2010/navigatie-dedicata-cu-android-vw-touran-2003-2010-1gb-ram-radio-gps-dual-zone-display-hd-ips-10-touchscreen-internet-wi-fi
vw,vw touran,2003-2013,33,vw touran 2,2010-2015,NU,,,,,https://www.navigatiiandroid.ro/navigatie-vw-touran-2-2010-2015/navigatie-dedicata-cu-android-vw-touran-2010-2015-12gb-ram-radio-gps-dual-zone-display-2k-qled-10-36-touchscreen-internet-wi
vw,vw polo,2001-2009,30,vw polo 9n,2001-2012,NU,,,,,https://www.navigatiiandroid.ro/navigatie-vw-polo-9n-2001-2012/navigatie-dedicata-cu-android-vw-polo-9n-2001-2012-12gb-ram-radio-gps-dual-zone-display-2k-qled-9-5-touchscreen-internet-wi
ford,ford ranger,2015-2022,27,ford ranger,dupa 2015,NU,,,,,https://www.navigatiiandroid.ro/navigatie-ford-ranger-dupa-2015/navigatie-dedicata-cu-android-ford-ranger-dupa-2015-cu-navigatie-originala-1gb-ram-radio-gps-dual-zone-display-hd-ips-9
Mercedes Benz,mercedes benz vito 3,2012-2021,27,mercedes vito,dupa 2003,NU,,,,,https://www.navigatiiandroid.ro/navigatie-mercedes-vito-dupa-2003/navigatie-dedicata-cu-android-mercedes-vito-dupa-2006-1gb-ram-radio-gps-dual-zone-display-hd-ips-9-touchscreen-internet-wi-fi
opel,opel zafira,2005-2014,26,opel zafira b,2005-2014,NU,,,,,https://www.navigatiiandroid.ro/navigatie-opel-zafira-b-2005-2014/navigatie-dedicata-cu-android-opel-zafira-b-2005-2014-1gb-ram-radio-gps-dual-zone-display-hd-ips-9-touchscreen-internet-wi-fi
vw,vw passat b7,2010-2014,25,vw passat b6 b7,2005-2015,NU,,,,,https://www.navigatiiandroid.ro/navigatie-vw-passat-b6-b7-2005-2015/navigatie-dedicata-cu-android-vw-passat-b6-b7-2005-2015-1gb-ram-radio-gps-dual-zone-display-hd-ips-10-touchscreen-internet-wi
fiat,fiat 500,2007-2015,24,fiat 500,2007-2020,NU,,,,,https://www.navigatiiandroid.ro/navigatie-fiat-500-2007-2020/navigatie-dedicata-cu-android-fiat-500-2015-2020-1gb-ram-radio-gps-dual-zone-display-hd-ips-9-touchscreen-internet-wi-fi
ford,ford fiesta,2002-2008,24,ford fiesta 5,2002-2008,NU,,,,,https://www.navigatiiandroid.ro/navigatie-ford-fiesta-5-2002-2008/navigatie-dedicata-cu-android-ford-fiesta-v-2005-2008-1gb-ram-radio-gps-dual-zone-display-hd-ips-9-touchscreen-internet-wi-fi
Mercedes Benz,mercedes benz viano,2003-2014,24,mercedes viano,2003-2014,NU,,,,,https://www.navigatiiandroid.ro/navigatie-mercedes-viano-2003-2014/navigatie-dedicata-cu-android-mercedes-viano-2007-2014-1gb-ram-radio-gps-dual-zone-display-hd-ips-9-touchscreen-internet-wi
Mercedes Benz,mercedes benz vito,2003-2012,24,mercedes vito,dupa 2003,NU,,,,,https://www.navigatiiandroid.ro/navigatie-mercedes-vito-dupa-2003/navigatie-dedicata-cu-android-mercedes-vito-dupa-2006-1gb-ram-radio-gps-dual-zone-display-hd-ips-9-touchscreen-internet-wi-fi
seat,seat altea,2004-2015,24,seat altea,2004-2015,NU,,,,,https://www.navigatiiandroid.ro/navigatie-seat-altea-2004-2015/navigatie-dedicata-cu-android-seat-altea-2004-2015-12gb-ram-radio-gps-dual-zone-display-2k-qled-10-36-touchscreen-internet-wi
seat,seat altea xl,2006-2015,24,seat altea,2004-2015,NU,,,,,https://www.navigatiiandroid.ro/navigatie-seat-altea-2004-2015/navigatie-dedicata-cu-android-seat-altea-2004-2015-12gb-ram-radio-gps-dual-zone-display-2k-qled-10-36-touchscreen-internet-wi
seat,seat altea xl,2006-2015,24,seat altea xl,2006-2015,NU,,,,,https://www.navigatiiandroid.ro/navigatie-seat-altea-xl-2006-2015/navigatie-dedicata-cu-android-seat-altea-xl-2006-2015-12gb-ram-radio-gps-dual-zone-display-2k-qled-10-36-touchscreen-internet
seat,seat altea,2004-2015,24,seat altea xl,2006-2015,NU,,,,,https://www.navigatiiandroid.ro/navigatie-seat-altea-xl-2006-2015/navigatie-dedicata-cu-android-seat-altea-xl-2006-2015-12gb-ram-radio-gps-dual-zone-display-2k-qled-10-36-touchscreen-internet
seat,seat leon,2005-2013,24,seat leon 1p,2005-2013,NU,,,,,https://www.navigatiiandroid.ro/navigatie-seat-leon-1p-2005-2013/navigatie-dedicata-cu-android-seat-leon-1p-2005-2013-1gb-ram-radio-gps-dual-zone-display-hd-ips-10-touchscreen-internet-wi-fi
seat,seat toledo,2004-2009,24,seat toledo 3,2004-2009,NU,,,,,https://www.navigatiiandroid.ro/navigatie-seat-toledo-3-2004-2009/navigatie-dedicata-cu-android-seat-toledo-iii-2004-2009-12gb-ram-radio-gps-dual-zone-display-2k-qled-10-36-touchscreen
seat,seat toledo iv,2012-2019,24,seat toledo 4,2012-2019,NU,,,,,https://www.navigatiiandroid.ro/navigatie-seat-toledo-4-2012-2019/navigatie-dedicata-cu-android-seat-toledo-iv-2012-2019-12gb-ram-radio-gps-dual-zone-display-2k-qled-9-5-touchscreen-internet
skoda,skoda fabia,2006-2014,24,skoda fabia 2,2006-2014,NU,,,,,https://www.navigatiiandroid.ro/navigatie-skoda-fabia-2-2006-2014/navigatie-dedicata-cu-android-skoda-fabia-ii-2006-2014-12gb-ram-radio-gps-dual-zone-display-2k-qled-10-36-touchscreen
skoda,skoda rapid,2012-2017,24,skoda rapid,2011-2019,NU,,,,,https://www.navigatiiandroid.ro/navigatie-skoda-rapid-2011-2019/navigatie-dedicata-cu-android-skoda-rapid-2011-2019-12gb-ram-radio-gps-dual-zone-display-2k-qled-9-5-touchscreen-internet-wi
skoda,skoda yeti,2009-2018,24,skoda yeti,2009-2018,NU,,,,,https://www.navigatiiandroid.ro/navigatie-skoda-yeti-2009-2018/navigatie-dedicata-cu-android-skoda-yeti-2009-2018-1gb-ram-radio-gps-dual-zone-display-hd-ips-10-touchscreen-internet-wi-fi
vw,vw amarok,2010-2022,24,vw amarok,dupa 2010,NU,,,,,https://www.navigatiiandroid.ro/navigatie-vw-amarok-dupa-2010/navigatie-dedicata-cu-android-vw-amarok-dupa-2010-12gb-ram-radio-gps-dual-zone-display-2k-qled-10-36-touchscreen-internet-wi
vw,vw beetle,2011-2019,24,vw beetle,2011-2019,NU,,,,,https://www.navigatiiandroid.ro/navigatie-vw-beetle-2011-2019/navigatie-dedicata-cu-android-vw-beetle-2011-2019-12gb-ram-radio-gps-dual-zone-display-2k-qled-10-36-touchscreen-internet-wi
vw,vw caddy 3,2004-2015,24,vw caddy,2004-2020,NU,,,,,https://www.navigatiiandroid.ro/navigatie-vw-caddy-2004-2020/navigatie-dedicata-cu-android-vw-caddy-2004-2020-12gb-ram-radio-gps-dual-zone-display-2k-qled-10-36-touchscreen-internet-wi
vw,vw golf 6,2008-2012,24,vw golf 6,2008-2014,NU,,,,,https://www.navigatiiandroid.ro/navigatie-vw-golf-6-2008-2014/navigatie-dedicata-cu-android-vw-golf-vi-2008-2014-12gb-ram-radio-gps-dual-zone-display-2k-qled-10-36-touchscreen-internet-wi
vw,vw golf plus,2005-2014,24,vw golf plus,2004-2014,NU,,,,,https://www.navigatiiandroid.ro/navigatie-vw-golf-plus-2004-2014/navigatie-dedicata-cu-android-vw-golf-plus-2004-2014-12gb-ram-radio-gps-dual-zone-display-2k-qled-10-36-touchscreen-internet
vw,vw jetta,2011-2018,24,vw jetta 4,2011-2018,NU,,,,,https://www.navigatiiandroid.ro/navigatie-vw-jetta-4-2011-2018/navigatie-dedicata-cu-android-vw-jetta-iv-2011-2018-1gb-ram-radio-gps-dual-zone-display-hd-ips-10-touchscreen-internet-wi-fi
vw,vw multivan t5,2010-2015,24,vw multivan t5,2003-2015,NU,,,,,https://www.navigatiiandroid.ro/navigatie-vw-multivan-t5-2003-2015/navigatie-dedicata-cu-android-vw-multivan-v-2003-2015-12gb-ram-radio-gps-dual-zone-display-2k-qled-9-5-touchscreen-internet
vw,vw sharan,2010-2022,24,vw sharan,dupa 2010,NU,,,,,https://www.navigatiiandroid.ro/navigatie-vw-sharan-dupa-2010/navigatie-dedicata-cu-android-vw-sharan-dupa-2010-12gb-ram-radio-gps-dual-zone-display-2k-qled-9-5-touchscreen-internet-wi-fi
vw,vw transporter t5,2010-2015,24,vw transporter t5,2003-2015,NU,,,,,https://www.navigatiiandroid.ro/navigatie-vw-transporter-t5-2003-2015/navigatie-dedicata-cu-android-vw-transporter-t5-2010-2015-12gb-ram-radio-gps-dual-zone-display-2k-qled-10-36-touchscreen
citroen,citroen c4,2004-2011,22,citroen c4,2004-2009,NU,,,,,https://www.navigatiiandroid.ro/navigatie-citroen-c4-2004-2009/navigatie-dedicata-cu-android-citroen-c4-i-2004-2009-1gb-ram-radio-gps-dual-zone-display-hd-ips-9-touchscreen-internet-wi-fi
peugeot,peugeot 3008,2009-2016,22,peugeot 3008,2009-2016,NU,,,,,https://www.navigatiiandroid.ro/navigatie-peugeot-3008-2009-2016/navigatie-dedicata-cu-android-peugeot-3008-2009-2016-1gb-ram-radio-gps-dual-zone-display-hd-ips-9-touchscreen-internet-wi-fi
peugeot,peugeot 407,2004-2011,22,peugeot 407,2004-2011,NU,,,,,https://www.navigatiiandroid.ro/navigatie-peugeot-407-2004-2011/navigatie-dedicata-cu-android-peugeot-407-2004-2011-12gb-ram-radio-gps-dual-zone-display-2k-qled-9-5-touchscreen-internet-wi
bmw,bmw x3 e83,2003-2011,21,bmw x3 e83,2003-2011,NU,,,,,https://www.navigatiiandroid.ro/navigatie-bmw-x3-e83-2003-2011/navigatie-dedicata-cu-android-bmw-x3-e83-2003-2011-1gb-ram-radio-gps-dual-zone-display-hd-ips-9-touchscreen-internet-wi-fi
ford,ford c max,2003-2010,21,ford c max 1,2003-2010,NU,,,,,https://www.navigatiiandroid.ro/navigatie-ford-c-max-1-2003-2010/navigatie-dedicata-cu-android-ford-c-max-2003-2010-12gb-ram-radio-gps-dual-zone-display-2k-qled-9-5-touchscreen-internet-wi
hyundai,hyundai santa fe,2006-2012,21,hyundai santa fe 2,2006-2012,NU,,,,,https://www.navigatiiandroid.ro/navigatie-hyundai-santa-fe-2-2006-2012/navigatie-dedicata-cu-android-hyundai-santa-fe-ii-2006-2012-1gb-ram-radio-gps-dual-zone-display-hd-ips-9-touchscreen-internet
chevrolet,chevrolet epica,2006-2014,18,chevrolet epica,2004-2012,NU,,,,,https://www.navigatiiandroid.ro/navigatie-chevrolet-epica-2004-2012/navigatie-dedicata-cu-android-chevrolet-epica-2004-2012-12gb-ram-radio-gps-dual-zone-display-2k-qled-9-5-touchscreen-internet
dacia,dacia duster,2010-2013,18,dacia duster 1,2010-2018,NU,,,,,https://www.navigatiiandroid.ro/navigatie-dacia-duster-1-2010-2018/navigatie-dedicata-cu-android-dacia-duster-i-2013-2018-2gb-ram-radio-gps-dual-zone-display-hd-8-touchscreen-internet-wi-fi
dacia,dacia logan 1,2008-2012,18,dacia logan 1,2004-2013,NU,,,,,https://www.navigatiiandroid.ro/navigatie-dacia-logan-1-2004-2013/navigatie-dedicata-cu-android-dacia-logan-i-2004-2008-1gb-ram-radio-gps-dual-zone-display-hd-ips-9-touchscreen-internet-wi-fi
dacia,dacia logan 2,2012-2020,18,dacia logan 2,2012-2020,NU,,,,,https://www.navigatiiandroid.ro/navigatie-dacia-logan-2-2012-2020/navigatie-dedicata-cu-android-dacia-logan-ii-2012-2020-1gb-ram-radio-gps-dual-zone-display-hd-ips-9-touchscreen-internet-wi
dacia,dacia sandero 1,2008-2013,18,dacia sandero 1,2008-2013,NU,,,,,https://www.navigatiiandroid.ro/navigatie-dacia-sandero-1-2008-2013/navigatie-dedicata-cu-android-dacia-sandero-i-2008-2013-1gb-ram-radio-gps-dual-zone-display-hd-ips-9-touchscreen-internet-wi
dacia,dacia sandero 2,2012-2020,18,dacia sandero 2,2012-2020,NU,,,,,https://www.navigatiiandroid.ro/navigatie-dacia-sandero-2-2012-2020/navigatie-dedicata-cu-android-dacia-sandero-ii-2012-2020-1gb-ram-radio-gps-dual-zone-display-hd-ips-10-touchscreen-internet
ford,ford mustang,2015-2018,18,ford mustang,2014-2021,NU,,,,,https://www.navigatiiandroid.ro/navigatie-ford-mustang-2014-2021/navigatie-dedicata-cu-android-ford-mustang-2014-2021-cu-navigatie-originala-12gb-ram-radio-gps-dual-zone-display-2k-qled-9-5
ford,ford ranger,2005-2011,18,ford ranger,2005-2011,NU,,,,,https://www.navigatiiandroid.ro/navigatie-ford-ranger-2005-2011/navigatie-dedicata-cu-android-ford-ranger-2005-2011-12gb-ram-radio-gps-dual-zone-display-2k-qled-9-5-touchscreen-internet-wi
ford,ford ranger f250,2011-2015,18,ford ranger,2011-2015,NU,,,,,https://www.navigatiiandroid.ro/navigatie-ford-ranger-2011-2015/navigatie-dedicata-cu-android-ford-ranger-2011-2015-12gb-ram-radio-gps-dual-zone-display-2k-qled-9-5-touchscreen-internet-wi
honda,honda accord viii,2008-2012,18,honda accord 8,2008-2012,NU,,,,,https://www.navigatiiandroid.ro/navigatie-honda-accord-8-2008-2012/navigatie-dedicata-cu-android-honda-accord-viii-2008-2012-12gb-ram-radio-gps-dual-zone-display-2k-qled-9-5-touchscreen
hyundai,hyundai accent,2005-2011,18,hyundai accent 3,2005-2010,NU,,,,,https://www.navigatiiandroid.ro/navigatie-hyundai-accent-3-2005-2010/navigatie-dedicata-cu-android-hyundai-accent-iii-2005-2010-1gb-ram-radio-gps-dual-zone-display-hd-ips-9-touchscreen-internet
hyundai,hyundai i20,2014-2020,18,hyundai i20,2014-2020,NU,,,,,https://www.navigatiiandroid.ro/navigatie-hyundai-i20-2014-2020/navigatie-dedicata-cu-android-hyundai-i20-2014-2018-1gb-ram-radio-gps-dual-zone-display-hd-ips-9-touchscreen-internet-wi-fi
mitsubishi,mitsubishi outlander iii,2018-2022,18,mitsubishi outlander 3,2012-2021,NU,,,,,https://www.navigatiiandroid.ro/navigatie-mitsubishi-outlander-3-2012-2021/navigatie-dedicata-cu-android-mitsubishi-outlander-iii-2019-2021-12gb-ram-radio-gps-dual-zone-display-2k-qled-10-36
opel,opel antara,2006-2017,18,opel antara,2006-2017,NU,,,,,https://www.navigatiiandroid.ro/navigatie-opel-antara-2006-2017/navigatie-dedicata-cu-android-opel-antara-2006-2017-1gb-ram-radio-gps-dual-zone-display-hd-ips-9-touchscreen-internet-wi-fi
opel,opel combo,2003-2011,18,opel combo c,2001-2012,NU,,,,,https://www.navigatiiandroid.ro/navigatie-opel-combo-c-2001-2012/navigatie-dedicata-cu-android-opel-combo-c-2001-2012-1gb-ram-radio-gps-dual-zone-display-hd-ips-9-touchscreen-internet-wi-fi
opel,opel corsa c,2000-2006,18,opel corsa c,2000-2006,NU,,,,,https://www.navigatiiandroid.ro/navigatie-opel-corsa-c-2000-2006/navigatie-dedicata-cu-android-opel-corsa-c-2000-2006-1gb-ram-radio-gps-dual-zone-display-hd-ips-9-touchscreen-internet-wi-fi
opel,opel corsa d,2006-2014,18,opel corsa d,2006-2014,NU,,,,,https://www.navigatiiandroid.ro/navigatie-opel-corsa-d-2006-2014/navigatie-dedicata-cu-android-opel-corsa-d-2006-2014-1gb-ram-radio-gps-dual-zone-display-hd-ips-9-touchscreen-internet-wi-fi
opel,opel meriva,2003-2010,18,opel meriva a,2003-2010,NU,,,,,https://www.navigatiiandroid.ro/navigatie-opel-meriva-a-2003-2010/navigatie-dedicata-cu-android-opel-meriva-a-2003-2010-12gb-ram-radio-gps-dual-zone-display-2k-qled-9-5-touchscreen-internet
opel,opel tigra,2004-2009,18,opel tigra twintop,2004-2010,NU,,,,,https://www.navigatiiandroid.ro/navigatie-opel-tigra-twintop-2004-2010/navigatie-dedicata-cu-android-opel-tigra-twintop-2004-2010-12gb-ram-radio-gps-dual-zone-display-2k-qled-9-5-touchscreen
peugeot,peugeot 308,2013-2021,18,peugeot 308,2013-2021,NU,,,,,https://www.navigatiiandroid.ro/navigatie-peugeot-308-2013-2021/navigatie-dedicata-cu-android-peugeot-308-ii-2013-2021-12gb-ram-radio-gps-dual-zone-display-2k-qled-9-5-touchscreen-internet
toyota,toyota auris e15,2006-2012,18,toyota auris e15,2006-2012,NU,,,,,https://www.navigatiiandroid.ro/navigatie-toyota-auris-e15-2006-2012/navigatie-dedicata-cu-android-toyota-auris-2006-2012-1gb-ram-radio-gps-dual-zone-display-hd-ips-9-touchscreen-internet-wi-fi
toyota,toyota avensis t25,2003-2009,18,toyota avensis t25,2003-2009,NU,,,,,https://www.navigatiiandroid.ro/navigatie-toyota-avensis-t25-2003-2009/navigatie-dedicata-cu-android-toyota-avensis-t25-2003-2009-12gb-ram-radio-gps-dual-zone-display-2k-qled-9-5-touchscreen
fiat,fiat bravo,2007-2012,17,fiat bravo,2007-2016,NU,,,,,https://www.navigatiiandroid.ro/navigatie-fiat-bravo-2007-2016/navigatie-dedicata-cu-android-fiat-bravo-2007-2016-1gb-ram-radio-gps-dual-zone-display-hd-ips-9-touchscreen-internet-wi-fi
ford,ford fusion,2006-2012,15,ford fusion,2002-2012,NU,,,,,https://www.navigatiiandroid.ro/navigatie-ford-fusion-2002-2012/navigatie-dedicata-cu-android-ford-fusion-2005-2012-12gb-ram-radio-gps-dual-zone-display-2k-qled-9-5-touchscreen-internet-wi
ford,ford transit,2005-2014,15,ford transit,2006-2014,NU,,,,,https://www.navigatiiandroid.ro/navigatie-ford-transit-2006-2014/navigatie-dedicata-cu-android-ford-transit-2006-2014-1gb-ram-radio-gps-dual-zone-display-hd-ips-9-touchscreen-internet-wi-fi
seat,seat alhambra,2010-2022,15,seat alhambra,dupa 2010,NU,,,,,https://www.navigatiiandroid.ro/navigatie-seat-alhambra-dupa-2010/navigatie-dedicata-cu-android-seat-alhambra-dupa-2010-12gb-ram-radio-gps-dual-zone-display-2k-qled-10-36-touchscreen-internet
skoda,skoda roomster,2006-2015,15,skoda roomster,2006-2015,NU,,,,,https://www.navigatiiandroid.ro/navigatie-skoda-roomster-2006-2015/navigatie-dedicata-cu-android-skoda-roomster-2006-2015-12gb-ram-radio-gps-dual-zone-display-2k-qled-10-36-touchscreen
vw,vw eos,2006-2015,15,vw eos,2006-2015,NU,,,,,https://www.navigatiiandroid.ro/navigatie-vw-eos-2006-2015/navigatie-dedicata-cu-android-vw-eos-2006-2015-12gb-ram-radio-gps-dual-zone-display-2k-qled-10-36-touchscreen-internet-wi-fi
vw,vw multivan t5,2003-2009,15,vw multivan t5,2003-2015,NU,,,,,https://www.navigatiiandroid.ro/navigatie-vw-multivan-t5-2003-2015/navigatie-dedicata-cu-android-vw-multivan-v-2003-2015-12gb-ram-radio-gps-dual-zone-display-2k-qled-9-5-touchscreen-internet
vw,vw passat cc,2008-2012,15,vw passat cc,2008-2018,NU,,,,,https://www.navigatiiandroid.ro/navigatie-vw-passat-cc-2008-2018/navigatie-dedicata-cu-android-vw-passat-cc-2008-2018-1gb-ram-radio-gps-dual-zone-display-hd-ips-10-touchscreen-internet-wi-fi
vw,vw transporter t5,2003-2009,15,vw transporter t5,2003-2015,NU,,,,,https://www.navigatiiandroid.ro/navigatie-vw-transporter-t5-2003-2015/navigatie-dedicata-cu-android-vw-transporter-t5-2010-2015-12gb-ram-radio-gps-dual-zone-display-2k-qled-10-36-touchscreen
chevrolet,chevrolet cruze j300,2008-2012,13,chevrolet cruze,2008-2015,NU,,,,,https://www.navigatiiandroid.ro/navigatie-chevrolet-cruze-2008-2015/navigatie-dedicata-cu-android-chevrolet-cruze-2008-2013-1gb-ram-radio-gps-dual-zone-display-hd-ips-9-touchscreen-internet-wi
citroen,citroen c4,2010-2018,13,citroen c4,2009-2018,NU,,,,,https://www.navigatiiandroid.ro/navigatie-citroen-c4-2009-2018/navigatie-dedicata-cu-android-citroen-c4-ii-2009-2018-clima-automata-1gb-ram-radio-gps-dual-zone-display-hd-ips-10
citroen,citroen c4 aircross,2012-2017,13,citroen c4,2009-2018,NU,,,,,https://www.navigatiiandroid.ro/navigatie-citroen-c4-2009-2018/navigatie-dedicata-cu-android-citroen-c4-ii-2009-2018-clima-automata-1gb-ram-radio-gps-dual-zone-display-hd-ips-10
ford,ford mondeo 5,2014-2022,13,ford mondeo 5,dupa 2014,NU,,,,,https://www.navigatiiandroid.ro/navigatie-ford-mondeo-5-dupa-2014/navigatie-dedicata-cu-android-ford-mondeo-v-dupa-2014-cu-navigatie-originala-12gb-ram-radio-gps-dual-zone-display-2k-qled-9-5
ford,ford mustang,2010-2014,13,ford mustang,2005-2014,NU,,,,,https://www.navigatiiandroid.ro/navigatie-ford-mustang-2005-2014/navigatie-dedicata-cu-android-ford-mustang-2009-2014-12gb-ram-radio-gps-dual-zone-display-2k-qled-10-36-touchscreen-internet
ford,ford ranger,2011-2016,13,ford ranger,2011-2015,NU,,,,,https://www.navigatiiandroid.ro/navigatie-ford-ranger-2011-2015/navigatie-dedicata-cu-android-ford-ranger-2011-2015-12gb-ram-radio-gps-dual-zone-display-2k-qled-9-5-touchscreen-internet-wi
ford,ford transit,dupa 2021,13,ford transit tourneo custom,dupa 2012,NU,,,,,https://www.navigatiiandroid.ro/navigatie-ford-transit-tourneo-custom-dupa-2012/navigatie-dedicata-cu-android-ford-transit-tourneo-custom-2012-2018-1gb-ram-radio-gps-dual-zone-display-hd-ips-9-touchscreen
kia,kia sorento,2002-2009,13,kia sorento 1,2002-2009,NU,,,,,https://www.navigatiiandroid.ro/navigatie-kia-sorento-1-2002-2009/navigatie-dedicata-cu-android-kia-sorento-i-2006-2009-12gb-ram-radio-gps-dual-zone-display-2k-qled-9-5-touchscreen-internet
Mercedes Benz,mercedes benz c class w204,2008-2010,13,mercedes c class w204,2007-2014,NU,,,,,https://www.navigatiiandroid.ro/navigatie-mercedes-c-class-w204-2007-2014/navigatie-dedicata-cu-android-mercedes-c-class-w204-2007-2011-1gb-ram-radio-gps-dual-zone-display-hd-ips-9-touchscreen
nissan,nissan x trail t31,2007-2014,13,nissan x trail 2 t31,2007-2014,NU,,,,,https://www.navigatiiandroid.ro/navigatie-nissan-x-trail-2-t31-2007-2014/navigatie-dedicata-cu-android-nissan-x-trail-t31-2007-2014-1gb-ram-radio-gps-dual-zone-display-hd-ips-10-touchscreen-internet
subaru,subaru outback,2015-2018,13,subaru outback 4,2014-2019,NU,,,,,https://www.navigatiiandroid.ro/navigatie-subaru-outback-4-2014-2019/navigatie-dedicata-cu-android-subaru-outback-legacy-2014-2019-12gb-ram-radio-gps-dual-zone-display-2k-qled-9-5-touchscreen
audi,audi a3,2003-2011,12,audi a3 8p,2003-2013,NU,,,,,https://www.navigatiiandroid.ro/navigatie-audi-a3-8p-2003-2013/navigatie-dedicata-cu-android-audi-a3-8p1-2003-2013-1gb-ram-radio-gps-dual-zone-display-hd-ips-9-touchscreen-internet-wi-fi
audi,audi a4 b7,2004-2008,12,audi a4 b7,2004-2008,NU,,,,,https://www.navigatiiandroid.ro/navigatie-audi-a4-b7-2004-2008/navigatie-dedicata-cu-android-audi-a4-b6-b7-2000-2008-1gb-ram-radio-gps-dual-zone-display-hd-ips-9-touchscreen-internet-wi-fi
audi,audi tt,2006-2014,12,audi tt,2006-2015,NU,,,,,https://www.navigatiiandroid.ro/navigatie-audi-tt-2006-2015/navigatie-dedicata-cu-android-audi-tt-2006-2015-12gb-ram-radio-gps-dual-zone-display-2k-qled-9-5-touchscreen-internet-wi-fi
dacia,dacia dokker,2012-2020,12,dacia dokker,dupa 2012,NU,,,,,https://www.navigatiiandroid.ro/navigatie-dacia-dokker-dupa-2012/navigatie-dedicata-cu-android-dacia-dokker-dupa-2012-12gb-ram-radio-gps-dual-zone-display-2k-qled-9-5-touchscreen-internet-wi
dacia,dacia duster,2015-2020,12,dacia duster 1,2010-2018,NU,,,,,https://www.navigatiiandroid.ro/navigatie-dacia-duster-1-2010-2018/navigatie-dedicata-cu-android-dacia-duster-i-2013-2018-2gb-ram-radio-gps-dual-zone-display-hd-8-touchscreen-internet-wi-fi
Mercedes Benz,mercedes benz a class w169,2004-2012,12,mercedes a class w169,2004-2012,NU,,,,,https://www.navigatiiandroid.ro/navigatie-mercedes-a-class-w169-2004-2012/navigatie-dedicata-cu-android-mercedes-a-class-w169-2004-2012-1gb-ram-radio-gps-dual-zone-display-hd-ips-9-touchscreen
Mercedes Benz,mercedes benz sprinter,2006-2018,12,mercedes sprinter,2006-2018,NU,,,,,https://www.navigatiiandroid.ro/navigatie-mercedes-sprinter-2006-2018/navigatie-dedicata-cu-android-mercedes-sprinter-2006-2018-1gb-ram-radio-gps-dual-zone-display-hd-ips-9-touchscreen-internet
Mercedes Benz,mercedes benz vito viano w639,2010-2015,12,mercedes viano,2003-2014,NU,,,,,https://www.navigatiiandroid.ro/navigatie-mercedes-viano-2003-2014/navigatie-dedicata-cu-android-mercedes-viano-2007-2014-1gb-ram-radio-gps-dual-zone-display-hd-ips-9-touchscreen-internet-wi
Mercedes Benz,mercedes benz vito viano w639,2010-2015,12,mercedes vito,dupa 2003,NU,,,,,https://www.navigatiiandroid.ro/navigatie-mercedes-vito-dupa-2003/navigatie-dedicata-cu-android-mercedes-vito-dupa-2006-1gb-ram-radio-gps-dual-zone-display-hd-ips-9-touchscreen-internet-wi-fi
seat,seat cordoba,2002-2008,12,seat cordoba,2002-2009,NU,,,,,https://www.navigatiiandroid.ro/navigatie-seat-cordoba-2002-2009/navigatie-dedicata-cu-android-seat-cordoba-2002-2009-12gb-ram-radio-gps-dual-zone-display-2k-qled-9-5-touchscreen-internet-wi
seat,seat ibiza,2002-2008,12,seat ibiza 3,2002-2009,NU,,,,,https://www.navigatiiandroid.ro/navigatie-seat-ibiza-3-2002-2009/navigatie-dedicata-cu-android-seat-ibiza-iii-2002-2009-12gb-ram-radio-gps-dual-zone-display-2k-qled-9-5-touchscreen-internet
vw,vw bora,1998-2006,12,vw bora,1998-2005,NU,,,,,https://www.navigatiiandroid.ro/navigatie-vw-bora-1998-2005/navigatie-dedicata-cu-android-vw-bora-1998-2005-12gb-ram-radio-gps-dual-zone-display-2k-qled-9-5-touchscreen-internet-wi-fi
vw,vw crafter,2006-2016,12,vw crafter,2006-2016,NU,,,,,https://www.navigatiiandroid.ro/navigatie-vw-crafter-2006-2016/navigatie-dedicata-cu-android-vw-crafter-2006-2016-1gb-ram-radio-gps-dual-zone-display-hd-ips-9-touchscreen-internet-wi-fi
vw,vw golf iv,1997-2003,12,vw golf 4,1997-2005,NU,,,,,https://www.navigatiiandroid.ro/navigatie-vw-golf-4-1997-2005/navigatie-dedicata-cu-android-vw-golf-iv-1997-2005-12gb-ram-radio-gps-dual-zone-display-2k-qled-9-5-touchscreen-internet-wi
vw,vw lupo,1998-2005,12,vw lupo,1998-2005,NU,,,,,https://www.navigatiiandroid.ro/navigatie-vw-lupo-1998-2005/navigatie-dedicata-cu-android-vw-lupo-1998-2005-12gb-ram-radio-gps-dual-zone-display-2k-qled-9-5-touchscreen-internet-wi-fi
ford,ford focus 2,2004-2011,10,ford focus 2,2004-2011,NU,,,,,https://www.navigatiiandroid.ro/navigatie-ford-focus-2-2004-2011/navigatie-dedicata-cu-android-ford-focus-ii-2004-2011-clima-manuala-1gb-ram-radio-gps-dual-zone-display-hd-ips-9-touchscreen
Alfa Romeo,alfa romeo giulietta,2010-2014,9,alfa romeo giulietta,2010-2020,NU,,,,,https://www.navigatiiandroid.ro/navigatie-alfa-romeo-giulietta-2010-2020/navigatie-dedicata-cu-android-alfa-romeo-giulietta-2014-2020-12gb-ram-radio-gps-dual-zone-display-2k-qled-9-5-touchscreen
Alfa Romeo,alfa romeo giulietta,2014-2020,9,alfa romeo giulietta,2010-2020,NU,,,,,https://www.navigatiiandroid.ro/navigatie-alfa-romeo-giulietta-2010-2020/navigatie-dedicata-cu-android-alfa-romeo-giulietta-2014-2020-12gb-ram-radio-gps-dual-zone-display-2k-qled-9-5-touchscreen
audi,audi a6 c5,1997-2004,9,audi a6 c5,1997-2005,NU,,,,,https://www.navigatiiandroid.ro/navigatie-audi-a6-c5-1997-2005/navigatie-dedicata-cu-android-audi-a6-c5-1997-2005-1gb-ram-radio-gps-dual-zone-display-hd-ips-9-touchscreen-internet-wi-fi
chevrolet,chevrolet aveo,2011-2014,9,chevrolet aveo,2011-2014,NU,,,,,https://www.navigatiiandroid.ro/navigatie-chevrolet-aveo-2011-2014/navigatie-dedicata-cu-android-chevrolet-aveo-2011-2014-1gb-ram-radio-gps-dual-zone-display-hd-ips-9-touchscreen-internet-wi
chevrolet,chevrolet cruze,2012-2015,9,chevrolet cruze,2008-2015,NU,,,,,https://www.navigatiiandroid.ro/navigatie-chevrolet-cruze-2008-2015/navigatie-dedicata-cu-android-chevrolet-cruze-2008-2013-1gb-ram-radio-gps-dual-zone-display-hd-ips-9-touchscreen-internet-wi
chevrolet,chevrolet spark,2009-2015,9,chevrolet spark,2009-2015,NU,,,,,https://www.navigatiiandroid.ro/navigatie-chevrolet-spark-2009-2015/navigatie-dedicata-cu-android-chevrolet-spark-2009-2015-12gb-ram-radio-gps-dual-zone-display-2k-qled-9-5-touchscreen-internet
chrysler,chrysler 300c,2004-2010,9,chrysler 300c,2004-2010,NU,,,,,https://www.navigatiiandroid.ro/navigatie-chrysler-300c-2004-2010/navigatie-dedicata-cu-android-chrysler-300c-2004-2010-12gb-ram-radio-gps-dual-zone-display-2k-qled-9-5-touchscreen-internet
citroen,citroen berlingo,2015-2018,9,citroen berlingo,2008-2018,NU,,,,,https://www.navigatiiandroid.ro/navigatie-citroen-berlingo-2008-2018/navigatie-dedicata-cu-android-citroen-berlingo-2008-2018-12gb-ram-radio-gps-dual-zone-display-2k-qled-9-5-touchscreen
citroen,citroen c1,2005-2014,9,citroen c1,2005-2014,NU,,,,,https://www.navigatiiandroid.ro/navigatie-citroen-c1-2005-2014/navigatie-dedicata-cu-android-citroen-c1-i-2005-2014-1gb-ram-radio-gps-dual-zone-display-hd-ips-10-touchscreen-internet-wi-fi
citroen,citroen c5,2008-2017,9,citroen c5,2008-2017,NU,,,,,https://www.navigatiiandroid.ro/navigatie-citroen-c5-2008-2017/navigatie-dedicata-cu-android-citroen-c5-iii-2008-2017-cu-navigatie-originala-12gb-ram-radio-gps-dual-zone-display-2k-qled-10
citroen,citroen jumpy,dupa 2016,9,citroen jumpy,dupa 2016,NU,,,,,https://www.navigatiiandroid.ro/navigatie-citroen-jumpy-dupa-2016/navigatie-dedicata-cu-android-citroen-jumpy-dupa-2016-12gb-ram-radio-gps-dual-zone-display-2k-qled-9-5-touchscreen-internet
dacia,dacia duster,2018-2022,9,dacia duster 2,dupa 2018,NU,,,,,https://www.navigatiiandroid.ro/navigatie-dacia-duster-2-dupa-2018/navigatie-dedicata-cu-android-dacia-duster-ii-2018-2022-12gb-ram-radio-gps-dual-zone-display-2k-qled-10-36-touchscreen
dacia,dacia lodgy,2012-2020,9,dacia lodgy,dupa 2012,NU,,,,,https://www.navigatiiandroid.ro/navigatie-dacia-lodgy-dupa-2012/navigatie-dedicata-cu-android-dacia-lodgy-dupa-2012-12gb-ram-radio-gps-dual-zone-display-2k-qled-9-5-touchscreen-internet-wi
dacia,dacia logan 1,2004-2008,9,dacia logan 1,2004-2013,NU,,,,,https://www.navigatiiandroid.ro/navigatie-dacia-logan-1-2004-2013/navigatie-dedicata-cu-android-dacia-logan-i-2004-2008-1gb-ram-radio-gps-dual-zone-display-hd-ips-9-touchscreen-internet-wi-fi
dodge,dodge caliber,2010-2012,9,dodge caliber,2006-2012,NU,,,,,https://www.navigatiiandroid.ro/navigatie-dodge-caliber-2006-2012/navigatie-dedicata-cu-android-dodge-caliber-2010-2012-12gb-ram-radio-gps-dual-zone-display-2k-qled-9-5-touchscreen-internet
fiat,fiat 500 l,dupa 2012,9,fiat 500,2007-2020,NU,,,,,https://www.navigatiiandroid.ro/navigatie-fiat-500-2007-2020/navigatie-dedicata-cu-android-fiat-500-2015-2020-1gb-ram-radio-gps-dual-zone-display-hd-ips-9-touchscreen-internet-wi-fi
fiat,fiat doblo,2010-2015,9,fiat doblo,dupa 2010,NU,,,,,https://www.navigatiiandroid.ro/navigatie-fiat-doblo-dupa-2010/navigatie-dedicata-cu-android-fiat-doblo-dupa-2015-12gb-ram-radio-gps-dual-zone-display-2k-qled-9-5-touchscreen-internet-wi
fiat,fiat doblo,2015-2019,9,fiat doblo,dupa 2010,NU,,,,,https://www.navigatiiandroid.ro/navigatie-fiat-doblo-dupa-2010/navigatie-dedicata-cu-android-fiat-doblo-dupa-2015-12gb-ram-radio-gps-dual-zone-display-2k-qled-9-5-touchscreen-internet-wi
fiat,fiat fiorino qubo,2008-2017,9,fiat fiorino,2007-2021,NU,,,,,https://www.navigatiiandroid.ro/navigatie-fiat-fiorino-2007-2021/navigatie-dedicata-cu-android-fiat-fiorino-2007-2021-12gb-ram-radio-gps-dual-zone-display-2k-qled-9-5-touchscreen-internet-wi
fiat,fiat linea,2007-2012,9,fiat linea,2006-2012,NU,,,,,https://www.navigatiiandroid.ro/navigatie-fiat-linea-2006-2012/navigatie-dedicata-cu-android-fiat-linea-2006-2012-12gb-ram-radio-gps-dual-zone-display-2k-qled-9-5-touchscreen-internet-wi
fiat,fiat fiorino qubo,2008-2017,9,fiat qubo,2008-2019,NU,,,,,https://www.navigatiiandroid.ro/navigatie-fiat-qubo-2008-2019/navigatie-dedicata-cu-android-fiat-qubo-2008-2019-12gb-ram-radio-gps-dual-zone-display-2k-qled-9-5-touchscreen-internet-wi-fi
fiat,fiat sedici,2006-2014,9,fiat sedici,2006-2015,NU,,,,,https://www.navigatiiandroid.ro/navigatie-fiat-sedici-2006-2015/navigatie-dedicata-cu-android-fiat-sedici-2006-2015-1gb-ram-radio-gps-dual-zone-display-hd-ips-9-touchscreen-internet-wi-fi
fiat,fiat stilo,2002-2010,9,fiat stilo,2001-2011,NU,,,,,https://www.navigatiiandroid.ro/navigatie-fiat-stilo-2001-2011/navigatie-dedicata-cu-android-fiat-stilo-2001-2011-12gb-ram-radio-gps-dual-zone-display-2k-qled-9-5-touchscreen-internet-wi
ford,ford ecosport,2012-2017,9,ford ecosport,dupa 2012,NU,,,,,https://www.navigatiiandroid.ro/navigatie-ford-ecosport-dupa-2012/navigatie-dedicata-cu-android-ford-ecosport-2012-2018-12gb-ram-radio-gps-dual-zone-display-2k-qled-9-5-touchscreen-internet
ford,ford focus 1,1998-2005,9,ford focus 1,1998-2005,NU,,,,,https://www.navigatiiandroid.ro/navigatie-ford-focus-1-1998-2005/navigatie-dedicata-cu-android-ford-focus-i-1998-2005-12gb-ram-radio-gps-dual-zone-display-2k-qled-9-5-touchscreen-internet-wi
ford,ford transit connect,2008-2011,9,ford transit,2006-2014,NU,,,,,https://www.navigatiiandroid.ro/navigatie-ford-transit-2006-2014/navigatie-dedicata-cu-android-ford-transit-2006-2014-1gb-ram-radio-gps-dual-zone-display-hd-ips-9-touchscreen-internet-wi-fi
ford,ford transit,2014-2020,9,ford transit tourneo custom,dupa 2012,NU,,,,,https://www.navigatiiandroid.ro/navigatie-ford-transit-tourneo-custom-dupa-2012/navigatie-dedicata-cu-android-ford-transit-tourneo-custom-2012-2018-1gb-ram-radio-gps-dual-zone-display-hd-ips-9-touchscreen
hyundai,hyundai getz,2004-2006,9,hyundai getz,2001-2011,NU,,,,,https://www.navigatiiandroid.ro/navigatie-hyundai-getz-2001-2011/navigatie-dedicata-cu-android-hyundai-getz-2001-2011-12gb-ram-radio-gps-dual-zone-display-2k-qled-9-5-touchscreen-internet-wi
hyundai,hyundai i10,2007-2013,9,hyundai i10,2007-2013,NU,,,,,https://www.navigatiiandroid.ro/navigatie-hyundai-i10-2007-2013/navigatie-dedicata-cu-android-hyundai-i10-2007-2013-12gb-ram-radio-gps-dual-zone-display-2k-qled-9-5-touchscreen-internet-wi
hyundai,hyundai i10,2013-2019,9,hyundai i10,2013-2019,NU,,,,,https://www.navigatiiandroid.ro/navigatie-hyundai-i10-2013-2019/navigatie-dedicata-cu-android-hyundai-i10-2013-2019-12gb-ram-radio-gps-dual-zone-display-2k-qled-9-5-touchscreen-internet-wi
hyundai,hyundai i20,2008-2014,9,hyundai i20,2008-2014,NU,,,,,https://www.navigatiiandroid.ro/navigatie-hyundai-i20-2008-2014/navigatie-dedicata-cu-android-hyundai-i20-2008-2012-clima-manuala-12gb-ram-radio-gps-dual-zone-display-2k-qled-9-5
hyundai,hyundai i30,2007-2012,9,hyundai i30 fd,2007-2012,NU,,,,,https://www.navigatiiandroid.ro/navigatie-hyundai-i30-fd-2007-2012/navigatie-dedicata-cu-android-hyundai-i30-2007-2012-clima-manuala-1gb-ram-radio-gps-dual-zone-display-hd-ips-9-touchscreen
hyundai,hyundai santa fe i,2000-2006,9,hyundai santa fe 1,2000-2006,NU,,,,,https://www.navigatiiandroid.ro/navigatie-hyundai-santa-fe-1-2000-2006/navigatie-dedicata-cu-android-hyundai-santa-fe-i-2000-2006-12gb-ram-radio-gps-dual-zone-display-2k-qled-9-5-touchscreen
hyundai,hyundai tucson 1,2004-2009,9,hyundai tucson,2004-2011,NU,,,,,https://www.navigatiiandroid.ro/navigatie-hyundai-tucson-2004-2011/navigatie-dedicata-cu-android-hyundai-tucson-2004-2011-1gb-ram-radio-gps-dual-zone-display-hd-ips-10-touchscreen-internet-wi
isuzu,isuzu d max,2012-2020,9,isuzu d max 2,2012-2020,NU,,,,,https://www.navigatiiandroid.ro/navigatie-isuzu-d-max-2-2012-2020/navigatie-dedicata-cu-android-isuzu-d-max-ii-2012-2020-12gb-ram-radio-gps-dual-zone-display-2k-qled-9-5-touchscreen-internet
iveco,iveco daily iv,2006-2011,9,iveco daily 4 5,2006-2014,NU,,,,,https://www.navigatiiandroid.ro/navigatie-iveco-daily-4-5-2006-2014/navigatie-dedicata-cu-android-iveco-daily-2006-2014-12gb-ram-radio-gps-dual-zone-display-2k-qled-9-5-touchscreen-internet-wi
iveco,iveco daily v,2011-2014,9,iveco daily 4 5,2006-2014,NU,,,,,https://www.navigatiiandroid.ro/navigatie-iveco-daily-4-5-2006-2014/navigatie-dedicata-cu-android-iveco-daily-2006-2014-12gb-ram-radio-gps-dual-zone-display-2k-qled-9-5-touchscreen-internet-wi
jeep,jeep compass i,2006-2010,9,jeep compass 1,2006-2016,NU,,,,,https://www.navigatiiandroid.ro/navigatie-jeep-compass-1-2006-2016/navigatie-dedicata-cu-android-jeep-compass-i-2006-2010-12gb-ram-radio-gps-dual-zone-display-2k-qled-10-36-touchscreen
jeep,jeep compass i,2011-2016,9,jeep compass 1,2006-2016,NU,,,,,https://www.navigatiiandroid.ro/navigatie-jeep-compass-1-2006-2016/navigatie-dedicata-cu-android-jeep-compass-i-2006-2010-12gb-ram-radio-gps-dual-zone-display-2k-qled-10-36-touchscreen
jeep,jeep compass ii,2016-2021,9,jeep compass 2,dupa 2016,NU,,,,,https://www.navigatiiandroid.ro/navigatie-jeep-compass-2-dupa-2016/navigatie-dedicata-cu-android-jeep-compass-ii-2016-2021-12gb-ram-radio-gps-dual-zone-display-2k-qled-10-36-touchscreen
jeep,jeep patriot,2011-2017,9,jeep patriot,2006-2017,NU,,,,,https://www.navigatiiandroid.ro/navigatie-jeep-patriot-2006-2017/navigatie-dedicata-cu-android-jeep-patriot-i-2006-2010-12gb-ram-radio-gps-dual-zone-display-2k-qled-10-36-touchscreen
jeep,jeep patriot i,2006-2010,9,jeep patriot,2006-2017,NU,,,,,https://www.navigatiiandroid.ro/navigatie-jeep-patriot-2006-2017/navigatie-dedicata-cu-android-jeep-patriot-i-2006-2010-12gb-ram-radio-gps-dual-zone-display-2k-qled-10-36-touchscreen
kia,kia soul,dupa 2014,9,kia soul 3,dupa 2019,NU,,,,,https://www.navigatiiandroid.ro/navigatie-kia-soul-3-dupa-2019/navigatie-dedicata-cu-android-kia-soul-dupa-2019-12gb-ram-radio-gps-dual-zone-display-2k-qled-9-5-touchscreen-internet-wi-fi
lexus,lexus is,2006-2012,9,lexus is 2,2005-2013,NU,,,,,https://www.navigatiiandroid.ro/navigatie-lexus-is-2-2005-2013/navigatie-dedicata-cu-android-lexus-is-2005-2013-12gb-ram-radio-gps-dual-zone-display-2k-qled-10-36-touchscreen-internet-wi
mazda,mazda bt 50,2005-2011,9,mazda bt 50,2005-2011,NU,,,,,https://www.navigatiiandroid.ro/navigatie-mazda-bt-50-2005-2011/navigatie-dedicata-cu-android-mazda-bt-50-2005-2011-12gb-ram-radio-gps-dual-zone-display-2k-qled-9-5-touchscreen-internet-wi
mazda,mazda bt 50,2011-2015,9,mazda bt 50,2011-2015,NU,,,,,https://www.navigatiiandroid.ro/navigatie-mazda-bt-50-2011-2015/navigatie-dedicata-cu-android-mazda-bt-50-2011-2015-12gb-ram-radio-gps-dual-zone-display-2k-qled-9-5-touchscreen-internet-wi
Mercedes Benz,mercedes benz sprinter,2006-2016,9,mercedes sprinter,2006-2018,NU,,,,,https://www.navigatiiandroid.ro/navigatie-mercedes-sprinter-2006-2018/navigatie-dedicata-cu-android-mercedes-sprinter-2006-2018-1gb-ram-radio-gps-dual-zone-display-hd-ips-9-touchscreen-internet
mitsubishi,mitsubishi l200,2005-2015,9,mitsubishi l200 4,2005-2015,NU,,,,,https://www.navigatiiandroid.ro/navigatie-mitsubishi-l200-4-2005-2015/navigatie-dedicata-cu-android-mitsubishi-l200-2005-2015-12gb-ram-radio-gps-dual-zone-display-2k-qled-9-5-touchscreen-internet
mitsubishi,mitsubishi pajero iii,1999-2006,9,mitsubishi pajero 3,2001-2006,NU,,,,,https://www.navigatiiandroid.ro/navigatie-mitsubishi-pajero-3-2001-2006/navigatie-dedicata-cu-android-mitsubishi-pajero-iii-2001-2006-12gb-ram-radio-gps-dual-zone-display-2k-qled-10-36-touchscreen
nissan,nissan murano,2007-2014,9,nissan murano 2,2008-2014,NU,,,,,https://www.navigatiiandroid.ro/navigatie-nissan-murano-2-2008-2014/navigatie-dedicata-cu-android-nissan-murano-ii-2008-2014-12gb-ram-radio-gps-dual-zone-display-2k-qled-9-5-touchscreen
nissan,nissan navara d40,2004-2014,9,nissan navara d40,2004-2014,NU,,,,,https://www.navigatiiandroid.ro/navigatie-nissan-navara-d40-2004-2014/navigatie-dedicata-cu-android-nissan-navara-d40-2004-2014-fara-navigatie-originala-12gb-ram-radio-gps-dual-zone-display-2k
opel,opel combo,2012-2018,9,opel combo d,2012-2018,NU,,,,,https://www.navigatiiandroid.ro/navigatie-opel-combo-d-2012-2018/navigatie-dedicata-cu-android-opel-combo-d-2012-2018-12gb-ram-radio-gps-dual-zone-display-2k-qled-10-36-touchscreen-internet
opel,opel meriva,2010-2017,9,opel meriva b,2010-2017,NU,,,,,https://www.navigatiiandroid.ro/navigatie-opel-meriva-b-2010-2017/navigatie-dedicata-cu-android-opel-meriva-b-2010-2017-12gb-ram-radio-gps-dual-zone-display-2k-qled-9-5-touchscreen-internet
opel,opel vivaro,2014-2019,9,opel vivaro b,2014-2019,NU,,,,,https://www.navigatiiandroid.ro/navigatie-opel-vivaro-b-2014-2019/navigatie-dedicata-cu-android-opel-vivaro-b-2014-2019-12gb-ram-radio-gps-dual-zone-display-2k-qled-9-5-touchscreen-internet
opel,opel vivaro c,dupa 2019,9,opel vivaro c,dupa 2019,NU,,,,,https://www.navigatiiandroid.ro/navigatie-opel-vivaro-c-dupa-2019/navigatie-dedicata-cu-android-opel-vivaro-c-dupa-2019-12gb-ram-radio-gps-dual-zone-display-2k-qled-9-5-touchscreen-internet
peugeot,peugeot 107,2005-2014,9,peugeot 107,2005-2014,NU,,,,,https://www.navigatiiandroid.ro/navigatie-peugeot-107-2005-2014/navigatie-dedicata-cu-android-peugeot-107-2005-2014-1gb-ram-radio-gps-dual-zone-display-hd-ips-10-touchscreen-internet-wi-fi
peugeot,peugeot 206,2001-2008,9,peugeot 206,1998-2014,NU,,,,,https://www.navigatiiandroid.ro/navigatie-peugeot-206-1998-2014/navigatie-dedicata-cu-android-peugeot-206-1998-2009-2gb-ram-radio-gps-dual-zone-display-hd-ips-9-touchscreen-internet-wi-fi
peugeot,peugeot 207,2006-2015,9,peugeot 207,2006-2015,NU,,,,,https://www.navigatiiandroid.ro/navigatie-peugeot-207-2006-2015/navigatie-dedicata-cu-android-peugeot-207-2006-2015-1gb-ram-radio-gps-dual-zone-display-hd-ips-9-touchscreen-internet-wi-fi
peugeot,peugeot 307,2000-2012,9,peugeot 307,2000-2013,NU,,,,,https://www.navigatiiandroid.ro/navigatie-peugeot-307-2000-2013/navigatie-dedicata-cu-android-peugeot-307-2000-2013-1gb-ram-radio-gps-dual-zone-display-hd-ips-9-touchscreen-internet-wi-fi
peugeot,peugeot 308,2007-2015,9,peugeot 308,2007-2013,NU,,,,,https://www.navigatiiandroid.ro/navigatie-peugeot-308-2007-2013/navigatie-dedicata-cu-android-peugeot-308-i-2007-2013-1gb-ram-radio-gps-dual-zone-display-hd-ips-9-touchscreen-internet-wi-fi
peugeot,peugeot 508,2011-2018,9,peugeot 508,2010-2018,NU,,,,,https://www.navigatiiandroid.ro/navigatie-peugeot-508-2010-2018/navigatie-dedicata-cu-android-peugeot-508-i-2010-2018-1gb-ram-radio-gps-dual-zone-display-hd-ips-9-touchscreen-internet-wi-fi
peugeot,peugeot 607,2004-2011,9,peugeot 607,2004-2011,NU,,,,,https://www.navigatiiandroid.ro/navigatie-peugeot-607-2004-2011/navigatie-dedicata-cu-android-peugeot-607-2004-2011-12gb-ram-radio-gps-dual-zone-display-2k-qled-9-5-touchscreen-internet-wi
peugeot,peugeot expert,dupa 2016,9,peugeot expert,dupa 2016,NU,,,,,https://www.navigatiiandroid.ro/navigatie-peugeot-expert-dupa-2016/navigatie-dedicata-cu-android-peugeot-expert-dupa-2016-12gb-ram-radio-gps-dual-zone-display-2k-qled-9-5-touchscreen-internet
peugeot,peugeot partner,2015-2018,9,peugeot partner,2008-2018,NU,,,,,https://www.navigatiiandroid.ro/navigatie-peugeot-partner-2008-2018/navigatie-dedicata-cu-android-peugeot-partner-2008-2018-12gb-ram-radio-gps-dual-zone-display-2k-qled-9-5-touchscreen-internet
peugeot,peugeot partner,2006-2010,9,peugeot partner,2008-2018,NU,,,,,https://www.navigatiiandroid.ro/navigatie-peugeot-partner-2008-2018/navigatie-dedicata-cu-android-peugeot-partner-2008-2018-12gb-ram-radio-gps-dual-zone-display-2k-qled-9-5-touchscreen-internet
peugeot,peugeot traveller,dupa 2016,9,peugeot traveller,dupa 2016,NU,,,,,https://www.navigatiiandroid.ro/navigatie-peugeot-traveller-dupa-2016/navigatie-dedicata-cu-android-peugeot-traveller-dupa-2016-12gb-ram-radio-gps-dual-zone-display-2k-qled-9-5-touchscreen
renault,renault fluence,2009-2016,9,renault fluence,2009-2016,NU,,,,,https://www.navigatiiandroid.ro/navigatie-renault-fluence-2009-2016/navigatie-dedicata-cu-android-renault-fluence-2009-2016-1gb-ram-radio-gps-dual-zone-display-hd-ips-9-touchscreen-internet-wi
renault,renault kadjar,2015-2017,9,renault kadjar,dupa 2015,NU,,,,,https://www.navigatiiandroid.ro/navigatie-renault-kadjar-dupa-2015/navigatie-dedicata-cu-android-renault-kadjar-2015-2018-1gb-ram-radio-gps-dual-zone-display-hd-ips-9-touchscreen-internet-wi
renault,renault kangoo,2008-2021,9,renault kangoo 2,2008-2021,NU,,,,,https://www.navigatiiandroid.ro/navigatie-renault-kangoo-2-2008-2021/navigatie-dedicata-cu-android-renault-kangoo-ii-2008-2021-12gb-ram-radio-gps-dual-zone-display-2k-qled-9-5-touchscreen
renault,renault megane iii,2009-2016,9,renault megane 3,2009-2016,NU,,,,,https://www.navigatiiandroid.ro/navigatie-renault-megane-3-2009-2016/navigatie-dedicata-cu-android-renault-megane-iii-2009-2016-1gb-ram-radio-gps-dual-zone-display-hd-ips-9-touchscreen-internet
renault,renault trafic iii,2014-2022,9,renault trafic 3,dupa 2014,NU,,,,,https://www.navigatiiandroid.ro/navigatie-renault-trafic-3-dupa-2014/navigatie-dedicata-cu-android-renault-trafic-iii-2014-2019-12gb-ram-radio-gps-dual-zone-display-2k-qled-9-5-touchscreen
skoda,skoda fabia iii,2014-2021,9,skoda fabia 3,2014-2021,NU,,,,,https://www.navigatiiandroid.ro/navigatie-skoda-fabia-3-2014-2021/navigatie-dedicata-cu-android-skoda-fabia-iii-2014-2021-1gb-ram-radio-gps-dual-zone-display-hd-ips-9-touchscreen-internet-wi
skoda,skoda rapid,2017-2019,9,skoda rapid,2011-2019,NU,,,,,https://www.navigatiiandroid.ro/navigatie-skoda-rapid-2011-2019/navigatie-dedicata-cu-android-skoda-rapid-2011-2019-12gb-ram-radio-gps-dual-zone-display-2k-qled-9-5-touchscreen-internet-wi
smart,smart fortwo,2010-2015,9,smart fortwo,2007-2014,NU,,,,,https://www.navigatiiandroid.ro/navigatie-smart-fortwo-2007-2014/navigatie-dedicata-cu-android-smart-fortwo-2007-2010-12gb-ram-radio-gps-dual-zone-display-2k-qled-9-5-touchscreen-internet-wi
smart,smart fortwo,2005-2010,9,smart fortwo,2007-2014,NU,,,,,https://www.navigatiiandroid.ro/navigatie-smart-fortwo-2007-2014/navigatie-dedicata-cu-android-smart-fortwo-2007-2010-12gb-ram-radio-gps-dual-zone-display-2k-qled-9-5-touchscreen-internet-wi
subaru,subaru forester sg,2004-2008,9,subaru forester sg,2002-2008,NU,,,,,https://www.navigatiiandroid.ro/navigatie-subaru-forester-sg-2002-2008/navigatie-dedicata-cu-android-subaru-forester-2002-2008-1gb-ram-radio-gps-dual-zone-display-hd-ips-9-touchscreen-internet-wi
subaru,subaru forester sh,2008-2013,9,subaru forester sh,2008-2013,NU,,,,,https://www.navigatiiandroid.ro/navigatie-subaru-forester-sh-2008-2013/navigatie-dedicata-cu-android-subaru-forester-2008-2013-1gb-ram-radio-gps-dual-zone-display-hd-ips-9-touchscreen-internet-wi
subaru,subaru forester sk,2018-2021,9,subaru forester sk,dupa 2018,NU,,,,,https://www.navigatiiandroid.ro/navigatie-subaru-forester-sk-dupa-2018/navigatie-dedicata-cu-android-subaru-forester-2018-2021-12gb-ram-radio-gps-dual-zone-display-2k-qled-9-5-touchscreen-internet
subaru,subaru impreza xv wrx,2007-2014,9,subaru impreza xv wrx,2007-2014,NU,,,,,https://www.navigatiiandroid.ro/navigatie-subaru-impreza-xv-wrx-2007-2014/navigatie-dedicata-cu-android-subaru-impreza-xv-wrx-2007-2014-1gb-ram-radio-gps-dual-zone-display-hd-ips-9-touchscreen
suzuki,suzuki alto,2008-2014,9,suzuki alto,2009-2016,NU,,,,,https://www.navigatiiandroid.ro/navigatie-suzuki-alto-2009-2016/navigatie-dedicata-cu-android-suzuki-alto-vii-2009-2016-12gb-ram-radio-gps-dual-zone-display-2k-qled-9-5-touchscreen-internet
suzuki,suzuki grand vitara,2005-2015,9,suzuki grand vitara 2,2005-2015,NU,,,,,https://www.navigatiiandroid.ro/navigatie-suzuki-grand-vitara-2-2005-2015/navigatie-dedicata-cu-android-suzuki-grand-vitara-2005-2015-1gb-ram-radio-gps-dual-zone-display-hd-ips-9-touchscreen-internet
suzuki,suzuki jimny,2005-2018,9,suzuki jimny,2005-2018,NU,,,,,https://www.navigatiiandroid.ro/navigatie-suzuki-jimny-2005-2018/navigatie-dedicata-cu-android-suzuki-jimny-2005-2018-12gb-ram-radio-gps-dual-zone-display-2k-qled-9-5-touchscreen-internet-wi
suzuki,suzuki jimny,dupa 2018,9,suzuki jimny,dupa 2018,NU,,,,,https://www.navigatiiandroid.ro/navigatie-suzuki-jimny-dupa-2018/navigatie-dedicata-cu-android-suzuki-jimny-dupa-2018-12gb-ram-radio-gps-dual-zone-display-2k-qled-9-5-touchscreen-internet-wi
suzuki,suzuki splash,2008-2015,9,suzuki splash,2008-2015,NU,,,,,https://www.navigatiiandroid.ro/navigatie-suzuki-splash-2008-2015/navigatie-dedicata-cu-android-suzuki-splash-2008-2015-12gb-ram-radio-gps-dual-zone-display-2k-qled-9-5-touchscreen-internet
suzuki,suzuki swift iii,2005-2010,9,suzuki swift 3,2005-2010,NU,,,,,https://www.navigatiiandroid.ro/navigatie-suzuki-swift-3-2005-2010/navigatie-dedicata-cu-android-suzuki-swift-iii-2005-2010-12gb-ram-radio-gps-dual-zone-display-2k-qled-10-36-touchscreen
suzuki,suzuki swift iv,2011-2017,9,suzuki swift 4,2010-2017,NU,,,,,https://www.navigatiiandroid.ro/navigatie-suzuki-swift-4-2010-2017/navigatie-dedicata-cu-android-suzuki-swift-iv-2010-2017-12gb-ram-radio-gps-dual-zone-display-2k-qled-9-5-touchscreen-internet
suzuki,suzuki swift v,dupa 2017,9,suzuki swift 5,dupa 2017,NU,,,,,https://www.navigatiiandroid.ro/navigatie-suzuki-swift-5-dupa-2017/navigatie-dedicata-cu-android-suzuki-swift-v-dupa-2017-12gb-ram-radio-gps-dual-zone-display-2k-qled-9-5-touchscreen-internet
suzuki,suzuki sx4,2006-2014,9,suzuki sx4,2006-2014,NU,,,,,https://www.navigatiiandroid.ro/navigatie-suzuki-sx4-2006-2014/navigatie-dedicata-cu-android-suzuki-sx4-2006-2014-1gb-ram-radio-gps-dual-zone-display-hd-ips-9-touchscreen-internet-wi-fi
toyota,toyota aygo,2005-2014,9,toyota aygo b1,2005-2014,NU,,,,,https://www.navigatiiandroid.ro/navigatie-toyota-aygo-b1-2005-2014/navigatie-dedicata-cu-android-toyota-aygo-2005-2014-1gb-ram-radio-gps-dual-zone-display-hd-ips-10-touchscreen-internet-wi-fi
toyota,toyota corolla e15,2007-2013,9,toyota corolla e15,2007-2013,NU,,,,,https://www.navigatiiandroid.ro/navigatie-toyota-corolla-e15-2007-2013/navigatie-dedicata-cu-android-toyota-corolla-2007-2013-1gb-ram-radio-gps-dual-zone-display-hd-ips-9-touchscreen-internet-wi
toyota,toyota prius,2002-2009,9,toyota prius w2,2003-2009,NU,,,,,https://www.navigatiiandroid.ro/navigatie-toyota-prius-w2-2003-2009/navigatie-dedicata-cu-android-toyota-prius-w2-2003-2009-12gb-ram-radio-gps-dual-zone-display-2k-qled-9-5-touchscreen-internet
toyota,toyota proace,dupa 2016,9,toyota proace,dupa 2016,NU,,,,,https://www.navigatiiandroid.ro/navigatie-toyota-proace-dupa-2016/navigatie-dedicata-cu-android-toyota-proace-dupa-2016-12gb-ram-radio-gps-dual-zone-display-2k-qled-9-5-touchscreen-internet
vw,vw crafter man tge,2017-2022,9,vw crafter,dupa 2016,NU,,,,,https://www.navigatiiandroid.ro/navigatie-vw-crafter-dupa-2016/navigatie-dedicata-cu-android-vw-crafter-dupa-2016-12gb-ram-radio-gps-dual-zone-display-2k-qled-10-36-touchscreen-internet-wi
vw,vw golf,2004-2008,9,vw golf 5,2003-2010,NU,,,,,https://www.navigatiiandroid.ro/navigatie-vw-golf-5-2003-2010/navigatie-dedicata-cu-android-vw-golf-v-2003-2010-1gb-ram-radio-gps-dual-zone-display-hd-ips-10-touchscreen-internet-wi-fi
vw,vw golf,2004-2008,9,vw golf plus,2004-2014,NU,,,,,https://www.navigatiiandroid.ro/navigatie-vw-golf-plus-2004-2014/navigatie-dedicata-cu-android-vw-golf-plus-2004-2014-12gb-ram-radio-gps-dual-zone-display-2k-qled-10-36-touchscreen-internet
vw,vw new beetle,2004-2010,9,vw new beetle,2004-2011,NU,,,,,https://www.navigatiiandroid.ro/navigatie-vw-new-beetle-2004-2011/navigatie-dedicata-cu-android-vw-new-beetle-2004-2011-12gb-ram-radio-gps-dual-zone-display-2k-qled-9-5-touchscreen-internet
peugeot,peugeot 2008,2013-2018,8,peugeot 2008,2013-2019,NU,,,,,https://www.navigatiiandroid.ro/navigatie-peugeot-2008-2013-2019/navigatie-dedicata-cu-android-peugeot-2008-i-2013-2019-1gb-ram-radio-gps-dual-zone-display-hd-ips-10-touchscreen-internet-wi
Mercedes Benz,mercedes benz c class w204,2011-2014,4,mercedes c class w204,2007-2014,NU,,,,,https://www.navigatiiandroid.ro/navigatie-mercedes-c-class-w204-2007-2014/navigatie-dedicata-cu-android-mercedes-c-class-w204-2007-2011-1gb-ram-radio-gps-dual-zone-display-hd-ips-9-touchscreen
subaru,subaru impreza,2009-2014,4,subaru impreza xv wrx,2007-2014,NU,,,,,https://www.navigatiiandroid.ro/navigatie-subaru-impreza-xv-wrx-2007-2014/navigatie-dedicata-cu-android-subaru-impreza-xv-wrx-2007-2014-1gb-ram-radio-gps-dual-zone-display-hd-ips-9-touchscreen
subaru,subaru outback,2009-2014,4,subaru outback 3,2009-2014,NU,,,,,https://www.navigatiiandroid.ro/navigatie-subaru-outback-3-2009-2014/navigatie-dedicata-cu-android-subaru-outback-legacy-2009-2014-12gb-ram-radio-gps-dual-zone-display-2k-qled-9-5-touchscreen
dacia,dacia logan,2012-2020,3,dacia logan 2,2012-2020,NU,,,,,https://www.navigatiiandroid.ro/navigatie-dacia-logan-2-2012-2020/navigatie-dedicata-cu-android-dacia-logan-ii-2012-2020-1gb-ram-radio-gps-dual-zone-display-hd-ips-9-touchscreen-internet-wi
dacia,dacia sandero,2012-2020,3,dacia sandero 2,2012-2020,NU,,,,,https://www.navigatiiandroid.ro/navigatie-dacia-sandero-2-2012-2020/navigatie-dedicata-cu-android-dacia-sandero-ii-2012-2020-1gb-ram-radio-gps-dual-zone-display-hd-ips-10-touchscreen-internet
bmw,bmw x3 e83 cic,2003-2011,1,bmw x3 e83,2003-2011,NU,,,,,https://www.navigatiiandroid.ro/navigatie-bmw-x3-e83-2003-2011/navigatie-dedicata-cu-android-bmw-x3-e83-2003-2011-1gb-ram-radio-gps-dual-zone-display-hd-ips-9-touchscreen-internet-wi-fi
CHRYSLER,(niciun model potrivit in catalogul nostru),,0,chrysler sebring,2000-2007,NU,,,,,https://www.navigatiiandroid.ro/navigatie-chrysler-sebring-2000-2007/navigatie-dedicata-cu-android-chrysler-sebring-2000-2007-12gb-ram-radio-gps-dual-zone-display-2k-qled-9-5-touchscreen
CHRYSLER,(niciun model potrivit in catalogul nostru),,0,chrysler voyager,1995-2008,NU,,,,,https://www.navigatiiandroid.ro/navigatie-chrysler-voyager-1995-2008/navigatie-dedicata-cu-android-chrysler-voyager-1995-2008-12gb-ram-radio-gps-dual-zone-display-2k-qled-9-5-touchscreen
CITROEN,(niciun model potrivit in catalogul nostru),,0,citroen nemo,2008-2018,NU,,,,,https://www.navigatiiandroid.ro/navigatie-citroen-nemo-2008-2018/navigatie-dedicata-cu-android-citroen-nemo-2008-2018-12gb-ram-radio-gps-dual-zone-display-2k-qled-9-5-touchscreen-internet-wi
DACIA,(niciun model potrivit in catalogul nostru),,0,dacia spring,dupa 2020,NU,,,,,https://www.navigatiiandroid.ro/navigatie-dacia-spring-dupa-2020/navigatie-dedicata-cu-android-dacia-spring-dupa-2020-12gb-ram-radio-gps-dual-zone-display-2k-qled-9-5-touchscreen-internet-wi
DAIHATSU,(niciun model potrivit in catalogul nostru),,0,daihatsu terios,dupa 2005,NU,,,,,https://www.navigatiiandroid.ro/navigatie-daihatsu-terios-dupa-2005/navigatie-dedicata-cu-android-daihatsu-terios-dupa-2005-12gb-ram-radio-gps-dual-zone-display-2k-qled-9-5-touchscreen-internet
FIAT,(niciun model potrivit in catalogul nostru),,0,fiat 500l,dupa 2012,NU,,,,,https://www.navigatiiandroid.ro/navigatie-fiat-500l-dupa-2012/navigatie-dedicata-cu-android-fiat-500l-dupa-2012-12gb-ram-radio-gps-dual-zone-display-2k-qled-10-36-touchscreen-internet-wi
FIAT,(niciun model potrivit in catalogul nostru),,0,fiat 500x,dupa 2014,NU,,,,,https://www.navigatiiandroid.ro/navigatie-fiat-500x-dupa-2014/navigatie-dedicata-cu-android-fiat-500x-dupa-2014-12gb-ram-radio-gps-dual-zone-display-2k-qled-9-5-touchscreen-internet-wi-fi
FIAT,(niciun model potrivit in catalogul nostru),,0,fiat fullback,dupa 2016,NU,,,,,https://www.navigatiiandroid.ro/navigatie-fiat-fullback-dupa-2016/navigatie-dedicata-cu-android-fiat-fullback-dupa-2016-12gb-ram-radio-gps-dual-zone-display-2k-qled-9-5-touchscreen-internet
FORD,(niciun model potrivit in catalogul nostru),,0,ford edge,2016-2021,NU,,,,,https://www.navigatiiandroid.ro/navigatie-ford-edge-2016-2021/navigatie-dedicata-cu-android-ford-edge-2016-2021-12gb-ram-radio-gps-dual-zone-display-2k-qled-9-5-touchscreen-internet-wi-fi
HONDA,(niciun model potrivit in catalogul nostru),,0,honda civic 9,2011-2015,NU,,,,,https://www.navigatiiandroid.ro/navigatie-honda-civic-9-2011-2015/navigatie-dedicata-cu-android-honda-civic-ix-sedan-2011-2015-1gb-ram-radio-gps-dual-zone-display-hd-ips-9-touchscreen
HONDA,(niciun model potrivit in catalogul nostru),,0,honda insight,2009-2014,NU,,,,,https://www.navigatiiandroid.ro/navigatie-honda-insight-2009-2014/navigatie-dedicata-cu-android-honda-insight-2009-2014-12gb-ram-radio-gps-dual-zone-display-2k-qled-9-5-touchscreen-internet
HONDA,(niciun model potrivit in catalogul nostru),,0,honda jazz 3,2007-2013,NU,,,,,https://www.navigatiiandroid.ro/navigatie-honda-jazz-3-2007-2013/navigatie-dedicata-cu-android-honda-jazz-iii-2007-2013-12gb-ram-radio-gps-dual-zone-display-2k-qled-10-36-touchscreen
INFINITI,(niciun model potrivit in catalogul nostru),,0,infiniti fx35,2008-2012,NU,,,,,https://www.navigatiiandroid.ro/navigatie-infiniti-fx35-2008-2012/navigatie-dedicata-cu-android-infiniti-fx35-2008-2012-12gb-ram-radio-gps-dual-zone-display-2k-qled-9-5-touchscreen-internet
ISUZU,(niciun model potrivit in catalogul nostru),,0,isuzu d max 3,dupa 2020,NU,,,,,https://www.navigatiiandroid.ro/navigatie-isuzu-d-max-3-dupa-2020/navigatie-dedicata-cu-android-isuzu-d-max-iii-dupa-2020-12gb-ram-radio-gps-dual-zone-display-2k-qled-9-5-touchscreen-internet
JEEP,(niciun model potrivit in catalogul nostru),,0,jeep cherokee 5,dupa 2014,NU,,,,,https://www.navigatiiandroid.ro/navigatie-jeep-cherokee-5-dupa-2014/navigatie-dedicata-cu-android-jeep-cherokee-v-2014-2019-12gb-ram-radio-gps-dual-zone-display-2k-qled-10-36-touchscreen
JEEP,(niciun model potrivit in catalogul nostru),,0,jeep grand cherokee 3,2004-2011,NU,,,,,https://www.navigatiiandroid.ro/navigatie-jeep-grand-cherokee-3-2004-2011/navigatie-dedicata-cu-android-jeep-grand-cherokee-iii-2004-2007-cu-navigatie-originala-12gb-ram-radio-gps-dual-zone-display
JEEP,(niciun model potrivit in catalogul nostru),,0,jeep grand cherokee 4,2011-2021,NU,,,,,https://www.navigatiiandroid.ro/navigatie-jeep-grand-cherokee-4-2011-2021/navigatie-dedicata-cu-android-jeep-grand-cherokee-iv-2011-2014-12gb-ram-radio-gps-dual-zone-display-2k-qled-9-5-touchscreen
JEEP,(niciun model potrivit in catalogul nostru),,0,jeep wrangler 2,2003-2007,NU,,,,,https://www.navigatiiandroid.ro/navigatie-jeep-wrangler-2-2003-2007/navigatie-dedicata-cu-android-jeep-wrangler-ii-2003-2007-12gb-ram-radio-gps-dual-zone-display-2k-qled-9-5-touchscreen
JEEP,(niciun model potrivit in catalogul nostru),,0,jeep wrangler 3,2007-2018,NU,,,,,https://www.navigatiiandroid.ro/navigatie-jeep-wrangler-3-2007-2018/navigatie-dedicata-cu-android-jeep-wrangler-iii-jk-2011-2015-12gb-ram-radio-gps-dual-zone-display-2k-qled-10-36-touchscreen
KIA,(niciun model potrivit in catalogul nostru),,0,kia carens 3,2006-2013,NU,,,,,https://www.navigatiiandroid.ro/navigatie-kia-carens-3-2006-2013/navigatie-dedicata-cu-android-kia-carens-iii-2006-2013-clima-manuala-12gb-ram-radio-gps-dual-zone-display-2k-qled-9-5
KIA,(niciun model potrivit in catalogul nostru),,0,kia picanto 2,2011-2017,NU,,,,,https://www.navigatiiandroid.ro/navigatie-kia-picanto-2-2011-2017/navigatie-dedicata-cu-android-kia-picanto-ii-2011-2017-12gb-ram-radio-gps-dual-zone-display-2k-qled-9-5-touchscreen-internet
MITSUBISHI,(niciun model potrivit in catalogul nostru),,0,mitsubishi l200 5,dupa 2015,NU,,,,,https://www.navigatiiandroid.ro/navigatie-mitsubishi-l200-5-dupa-2015/navigatie-dedicata-cu-android-mitsubishi-l200-dupa-2015-12gb-ram-radio-gps-dual-zone-display-2k-qled-9-5-touchscreen-internet
MITSUBISHI,(niciun model potrivit in catalogul nostru),,0,mitsubishi pajero 2,1990-2001,NU,,,,,https://www.navigatiiandroid.ro/navigatie-mitsubishi-pajero-2-1990-2001/navigatie-dedicata-cu-android-mitsubishi-pajero-ii-1990-2001-12gb-ram-radio-gps-dual-zone-display-2k-qled-9-5-touchscreen
NISSAN,(niciun model potrivit in catalogul nostru),,0,nissan tiida,2004-2013,NU,,,,,https://www.navigatiiandroid.ro/navigatie-nissan-tiida-2004-2013/navigatie-dedicata-cu-android-nissan-tiida-2004-2013-12gb-ram-radio-gps-dual-zone-display-2k-qled-9-5-touchscreen-internet-wi
OPEL,(niciun model potrivit in catalogul nostru),,0,opel agila,2000-2007,NU,,,,,https://www.navigatiiandroid.ro/navigatie-opel-agila-2000-2007/navigatie-dedicata-cu-android-opel-agila-2000-2007-12gb-ram-radio-gps-dual-zone-display-2k-qled-9-5-touchscreen-internet-wi
OPEL,(niciun model potrivit in catalogul nostru),,0,opel agila,2007-2014,NU,,,,,https://www.navigatiiandroid.ro/navigatie-opel-agila-2007-2014/navigatie-dedicata-cu-android-opel-agila-2007-2014-12gb-ram-radio-gps-dual-zone-display-2k-qled-9-5-touchscreen-internet-wi
PEUGEOT,(niciun model potrivit in catalogul nostru),,0,peugeot bipper,2008-2018,NU,,,,,https://www.navigatiiandroid.ro/navigatie-peugeot-bipper-2008-2018/navigatie-dedicata-cu-android-peugeot-bipper-2008-2018-12gb-ram-radio-gps-dual-zone-display-2k-qled-9-5-touchscreen-internet
SSANGYONG,(niciun model potrivit in catalogul nostru),,0,ssangyong actyon,2005-2012,NU,,,,,https://www.navigatiiandroid.ro/navigatie-ssangyong-actyon-2005-2012/navigatie-dedicata-cu-android-ssangyong-actyon-2005-2012-12gb-ram-radio-gps-dual-zone-display-2k-qled-9-5-touchscreen
SSANGYONG,(niciun model potrivit in catalogul nostru),,0,ssangyong korando,2010-2019,NU,,,,,https://www.navigatiiandroid.ro/navigatie-ssangyong-korando-2010-2019/navigatie-dedicata-cu-android-ssangyong-korando-2010-2013-12gb-ram-radio-gps-dual-zone-display-2k-qled-9-5-touchscreen
SSANGYONG,(niciun model potrivit in catalogul nostru),,0,ssangyong kyron,2005-2011,NU,,,,,https://www.navigatiiandroid.ro/navigatie-ssangyong-kyron-2005-2011/navigatie-dedicata-cu-android-ssangyong-kyron-2005-2011-12gb-ram-radio-gps-dual-zone-display-2k-qled-9-5-touchscreen-internet
SSANGYONG,(niciun model potrivit in catalogul nostru),,0,ssangyong rexton,2012-2017,NU,,,,,https://www.navigatiiandroid.ro/navigatie-ssangyong-rexton-2012-2017/navigatie-dedicata-cu-android-ssangyong-rexton-2012-2017-12gb-ram-radio-gps-dual-zone-display-2k-qled-9-5-touchscreen
SUBARU,(niciun model potrivit in catalogul nostru),,0,subaru impreza xv,dupa 2017,NU,,,,,https://www.navigatiiandroid.ro/navigatie-subaru-impreza-xv-dupa-2017/navigatie-dedicata-cu-android-subaru-impreza-xv-2017-2020-12gb-ram-radio-gps-dual-zone-display-2k-qled-9-5-touchscreen
SUBARU,(niciun model potrivit in catalogul nostru),,0,subaru outback 2,2003-2009,NU,,,,,https://www.navigatiiandroid.ro/navigatie-subaru-outback-2-2003-2009/navigatie-dedicata-cu-android-subaru-outback-legacy-2003-2009-12gb-ram-radio-gps-dual-zone-display-2k-qled-9-5-touchscreen
TOYOTA,(niciun model potrivit in catalogul nostru),,0,toyota c hr,dupa 2016,NU,,,,,https://www.navigatiiandroid.ro/navigatie-toyota-c-hr-dupa-2016/navigatie-dedicata-cu-android-toyota-c-hr-dupa-2016-1gb-ram-radio-gps-dual-zone-display-hd-ips-9-touchscreen-internet-wi-fi
TOYOTA,(niciun model potrivit in catalogul nostru),,0,toyota camry,2017-2024,NU,,,,,https://www.navigatiiandroid.ro/navigatie-toyota-camry-2017-2024/navigatie-dedicata-cu-android-toyota-camry-2021-2024-12gb-ram-radio-gps-dual-zone-display-2k-qled-10-36-touchscreen-internet
VW,(niciun model potrivit in catalogul nostru),,0,vw fox,2003-2016,NU,,,,,https://www.navigatiiandroid.ro/navigatie-vw-fox-2003-2016/navigatie-dedicata-cu-android-vw-fox-2003-2016-12gb-ram-radio-gps-dual-zone-display-2k-qled-9-5-touchscreen-internet-wi-fi-si
